id,word,type,abs,sg stem,abs pl,abs pl flex,pl stem,abs_cyr,sg stem_cyr,abs pl_cyr,pl stem_cyr,abs pl flex_cyr
1,ГОЛОВА,4,mijar,mijar,mijardu,l,mijardu,мийар,мийар,мийарду,мийарду,л
2,ЛОБ,4,honno,honnolo,honno,l,honno,гьонно,гьонноло,гьонно,гьонно,л
2,ЛОБ,4,honno,honnolo,honnobi,l,honnobi,гьонно,гьонноло,гьонноби,гьонноби,л
3,ГЛАЗ,5,hark'u,hark'ulo,hark'uobi,l,hark'uobi,гьаркІу,гьаркІуло,гьаркІуоби,гьаркІуоби,л
4,РЕСНИЦА,5,nidu,nidulo,nidobi,l,nidobi,ниду,нидуло,нидоби,нидоби,л
5,БРОВЬ,5,lens:ib,lens:ib,lens:ibo,l,lens:ibo,ленссиб,ленссиб,ленссибо,ленссибо,л
6,УХО,5,hant'ik'a,hant'ik'u,hant'ik'obi,l,hant'ik'obi,гьантІикІа,гьантІикІу,гьантІикІоби,гьантІикІоби,л
7,ЛИЦО,4,riži,rižilo,rižobdu,l,rižobda,рижи,рижило,рижобду,рижобда,л
8,ЩЕКА,5,gᵂorzu,gᵂorzulo,gᵂorzobi,l,gᵂorzobi,гворзу,гворзуло,гворзоби,гворзоби,л
9,НOC,5,mahar,mahar,mahardu,l,mahardu,магьар,магьар,магьарду,магьарду,л
10,КЛЮВ,5,mahar,mahar,mahardu,l,mahardu,магьар,магьар,магьарду,магьарду,л
10,КЛЮВ,5,q'amu,q'amuo,q'amodu,l,q'amodu,къаму,къамуо,къамоду,къамоду,л
11,РОТ,5,k'ol,k'olo,k'olibo,l,k'olibo,кІол,кІоло,кІолибо,кІолибо,л
12,ГУБА (губы и часть лица вокруг губ),5,sim,sim,simmu,l,simmu,сим,сим,симму,симму,л
12,ГУБА (морда),5,s:unt'ul,s:unt'ul,s:unt'ulo,l,s:unt'ulo,ссунтІул,ссунтІул,ссунтІуло,ссунтІуло,л
13,ПОДБОРОДОК,4,žuna,žunalo,žunibo,l,žunibo,жуна,жунало,жунибо,жунибо,л
14,ЧЕЛЮСТЬ,5,č'amč'al,č'amč'al,č'amč'alo,l,č'amč'alo,чІамчІал,чІамчІал,чІамчІало,чІамчІало,л
15,ЯЗЫК,5,mic':i,mic':ilo,mic':adu,l,mic':adu,мицІцІи,мицІцІило,мицІцІаду,мицІцІаду,л
16,ДЕСНА,5,tomil,tomil,tomilo,l,tomilo,томил,томил,томило,томило,л
17,ЗУБ,4,sol,soll,solibo,l,solibo,сол,солл,солибо,солибо,л
18,КЛЫК,4,siɢi,siɢilo,siɢi,l,siɢili,сикъги,сикъгило,сикъги,сикъгили,л
19,КОРЕННОЙ ЗУБ,5,guži,guži,gužibo,l,gužibo,гужи,гужи,гужибо,гужибо,л
19,КОРЕННОЙ ЗУБ,5,guži,gužilo,gužibo,l,gužibo,гужи,гужило,гужибо,гужибо,л
20,ГОРЛО,5,qᵂ'anqᵂ'a,qᵂ'anqᵂ'alo,qᵂ'anqᵂ'ibo,l,qᵂ'anqᵂ'ibo,къванкъва,къванкъвало,къванкъвибо,къванкъвибо,л
20,ГОРЛО,5,qᵂ'anqᵂ'a,qᵂ'anqᵂ'u,qᵂ'anqᵂ'ibo,l,qᵂ'anqᵂ'ibo,къванкъва,къванкъву,къванкъвибо,къванкъвибо,л
21,КАДЫК,5,šeq'e,šeq'illo,,,,шекъе,шекъилло,,,
22,ШЕЯ,5,garu,gardo,gardobi,l,gardobi,гару,гардо,гардоби,гардоби,л
23,ТЕЛО,5,gumugi,gumugu,gumugobi,l,gumugobi,гумуги,гумугу,гумугоби,гумугоби,л
23,ТЕЛО,5,laga,lagalo,lagibo,l,lagibo,лага,лагало,лагибо,лагибо,л
23,ТЕЛО,5,q'arq'ala,q'arq'alu,,,,къаркъала,къаркъалу,,,
24,ТУША,5,q'ujlo,q'ujlolo,q'ujlo,l,q'ujloli,къуйло,къуйлоло,къуйло,къуйлоли,л
25,СПИНА,5,miʁul,miʁul,miʁulo,l,miʁulo,мигъул,мигъул,мигъуло,мигъуло,л
26,ПЛЕЧО,5,beχun,beχun,beχumo,l,beχumo,бехун,бехун,бехумо,бехумо,л
28,БОК,5,isib,isib,isibo,l,isibo,исиб,исиб,исибо,исибо,л
29,ГРУДЬ,5,labur,laburu,laburdu,l,laburdu,лабур,лабуру,лабурду,лабурду,л
30,СОСОК,5,koka,koku,kokobi,l,kokobi,кока,коку,кокоби,кокоби,л
31,ВЫМЯ,4,išu,išulo,išodu,l,išodu,ишу,ишуло,ишоду,ишоду,л
31,ВЫМЯ,4,išu,išuo,išodu,l,išodu,ишу,ишуо,ишоду,ишоду,л
32,ПУПОК,4,c':unno,c':unnolo,c':unnobi,l,c':unnobi,цІцІунно,цІцІунноло,цІцІунноби,цІцІунноби,л
33,ЗАД,5,beχ:irq'il,beχ:irq'il,beχ:irq'ilo,l,beχ:irq'ilo,беххиркъил,беххиркъил,беххиркъило,беххиркъило,л
34,ЧЛЕН МУЖСКОЙ,4,k'ink'i,k'ink'ilo,k'ink'i,l,k'ink'ili,кІинкІи,кІинкІило,кІинкІи,кІинкІили,л
34,ЧЛЕН МУЖСКОЙ (ребенка),4,k'ek'e,k'ek'elo,k'ek'ecobi,l,k'ek'ecobi,кІекІе,кІекІело,кІекІецоби,кІекІецоби,л
35,ВЛАГАЛИЩЕ,4,but'a,but'alo,but'obi,l,but'obi,бутІа,бутІало,бутІоби,бутІоби,л
36,ХВОСТ,5,miʁerč'u,miʁerč'u,miʁerč'obi,l,miʁerč'obi,мигъерчІу,мигъерчІу,мигъерчІоби,мигъерчІоби,л
36,ХВОСТ (курдюк),5,beχ:umʁul,beχ:umʁul,beχ:umʁulo,l,beχ:umʁulo,беххумгъул,беххумгъул,беххумгъуло,беххумгъуло,л
37,РУКА (от кисти до плеча),4,ʁažu,ʁažuo,ʁažibo,l,ʁažibo,гъажу,гъажуо,гъажибо,гъажибо,л
38,ЛОКОТЬ,5,c':ikom,c':ikom,c':ikomi,l,c':ikomi,цІцІиком,цІцІиком,цІцІикоми,цІцІикоми,л
39,ЛАПА,4,kᵂač'a,kᵂač'alo,kᵂač'ibo,l,kᵂač'ibo,квачІа,квачІало,квачІибо,квачІибо,л
40,КИСТЬ РУКИ,4,rela,relu,relobi,l,relobi,рела,релу,релоби,релоби,л
41,КУЛАК,5,za,zao,zadobi,l,zadobi,за,зао,задоби,задоби,л
42,ЛАДОНЬ,5,qota,qotu,qotobi,l,qotobi,хъота,хъоту,хъотоби,хъотоби,л
43,ГОРСТЬ (ОДНОЙ РУКИ),5,qota,qotu,qotobi,l,qotobi,хъота,хъоту,хъотоби,хъотоби,л
44,ГОРСТЬ (ДВУМЯ руками),5,ɬumur,ɬumur,ɬumurdu,l,ɬumurdu,лъумур,лъумур,лъумурду,лъумурду,л
45,ПЯДЬ БОЛЬШАЯ (ОТ БОЛЬШОГО ПАЛЬЦА ДО МИЗИНЦА),5,heƛ'im,heƛ'im,heƛ'imo,l,heƛ'imo,гьекьим,гьекьим,гьекьимо,гьекьимо,л
46,ПЯДЬ МАЛАЯ (ОТ БОЛЬШОГО ДО УКАЗАТЕЛЬНОГО ПАЛЬЦА),5,mič'i-heƛ'im,mič'i-heƛ'im,mič'i-heƛ'imo,l,mič'i-heƛ'imo,мичІи-гьекьим,мичІи-гьекьим,мичІи-гьекьимо,мичІи-гьекьимо,л
47,НОГА (без ступни),5,čuk'a,čuk'alo,čuk'obi,l,čuk'obi,чукІа,чукІало,чукІоби,чукІоби,л
47,НОГА (передняя нога животного),4,reʁil,reʁil,reʁibo,l,reʁibo,регъил,регъил,регъибо,регъибо,л
48,СТУПНЯ,5,čuk'a,čuk'alo,čuk'obi,l,čuk'obi,чукІа,чукІало,чукІоби,чукІоби,л
49,ГОЛЕНЬ (нога ниже колена),5,nikᵂo,nikᵂolo,nikᵂobi,l,nikᵂobi,никво,никволо,никвоби,никвоби,л
49,ГОЛЕНЬ (нога ниже колена),5,nikᵂo,nikᵂo,nikᵂobi,l,nikᵂobi,никво,никво,никвоби,никвоби,л
50,БЕДРО,5,aqu,aquo,aqobi,l,aqobi,ахъу,ахъуо,ахъоби,ахъоби,л
51,ПЯТКА,5,miža,mižalo,mižobi,l,mižobi,мижа,мижало,мижоби,мижоби,л
53,ПАЛЕЦ,5,c':ek'a,c':ek'u,c':ek'obi,l,c':ek'obi,цІцІекІа,цІцІекІу,цІцІекІоби,цІцІекІоби,л
54,НОГОТЬ,5,muɬa,muɬalo,muɬobi,l,muɬobi,мулъа,мулъало,мулъоби,мулъоби,л
55,КОПЫТО,5,ɬol,ɬoll,ɬolibo,l,ɬolibo,лъол,лъолл,лъолибо,лъолибо,л
55,КОПЫТО,5,ɬol,ɬolo,ɬolibo,l,ɬolibo,лъол,лъоло,лъолибо,лъолибо,л
56,СЕРДЦЕ,4,rokᵂ'o,rokᵂ'olo,rokᵂ'o,l,rokᵂ'oli,рокІво,рокІволо,рокІво,рокІволи,л
57,ЛЕГКОЕ,5,χuns:ir,χuns:ir,χuns:irdu,l,χuns:irdu,хунссир,хунссир,хунссирду,хунссирду,л
57,ЛЕГКОЕ,5,χuns:ir,χuns:ir,χuns:irdobi,l,χuns:irdobi,хунссир,хунссир,хунссирдоби,хунссирдоби,л
58,ПЕЧЕНЬ,4,reliƛi,reliƛu,reliƛobi,l,reliƛobi,релилІи,релилІу,релилІоби,релилІоби,л
58,ПЕЧЕНЬ,4,reliƛi,reliƛu,reliƛo,l,reliƛo,релилІи,релилІу,релилІо,релилІо,л
59,СЕЛЕЗЁНКА,4,bakᵂ'olulas:i,bakᵂ'olulas:i,bakᵂ'olulas:o,l,bakᵂ'olulas:o,бакІволуласси,бакІволуласси,бакІволулассо,бакІволулассо,л
60,ПОЧКА,4,k':unu,k':unulo,k':unibo,l,k':unibo,кІкІуну,кІкІунуло,кІкІунибо,кІкІунибо,л
61,ЖЕЛУДОК,4,iχwob,iχwodo,iχwodu,l,iχwodu,ихвоб,ихводо,ихводу,ихводу,л
61,ЖЕЛУДОК (живот),4,ʁᵂaʁᵂači,ʁᵂaʁᵂaču,ʁᵂaʁᵂačobi,l,ʁᵂaʁᵂačobi,гъвагъвачи,гъвагъвачу,гъвагъвачоби,гъвагъвачоби,л
62,СЫЧУГ,5,boƛ'i,boƛ'ilo,boƛ'o,l,boƛ'o,бокьи,бокьило,бокьо,бокьо,л
63,КИШКА,5,ručol,ručol,ručolo,l,ručolo,ручол,ручол,ручоло,ручоло,л
64,ПИЩЕВОД,5,c:ula,c:ulalo,c:ulibo,l,c:ulibo,ццула,ццулало,ццулибо,ццулибо,л
65,ЖИЛА,5,š:ek'i,š:ek'ilo,š:ek'i,l,š:ek'ili,щекІи,щекІило,щекІи,щекІили,л
66,КОСТЬ (сплошная),5,roƛ'i,roƛ'ilo,roƛ'o,l,roƛ'o,рокьи,рокьило,рокьо,рокьо,л
66,КОСТЬ (трубчатая),5,tomšil,tomšil,tomšilo,l,tomšilo,томшил,томшил,томшило,томшило,л
67,СУСТАВ (сочленение костей),5,šink'i,šink'ilo,šink'i,l,šink'i,шинкІи,шинкІило,шинкІи,шинкІи,л
67,СУСТАВ (сочленение костей),4,rič'in,rič'in,rič'imo,l,rič'imo,ричІин,ричІин,ричІимо,ричІимо,л
68,ХРЯЩ,4,c'il,c'ill,c'ilibo,l,c'ilibo,цІил,цІилл,цІилибо,цІилибо,л
69,ШКУРА МЕЛКОКОПЫТНОГО ( ~ овцы),4,χuca,χucalo,χuco,l,χuco,хуца,хуцало,хуцо,хуцо,л
69,ШКУРА МЕЛКОКОПЫТНОГО ( ~ козы),5,c':uku,c':ukuo,c':ukobi,l,c':ukobi,цІцІуку,цІцІукуо,цІцІукоби,цІцІукоби,л
69,ШКУРА МЕЛКОКОПЫТНОГО ( ~ козы),5,c':uku,c':ukuo,c':ukodu,l,c':ukodu,цІцІуку,цІцІукуо,цІцІукоду,цІцІукоду,л
70,ШКУРА КРУПНОКОПЫТНОГО,5,bakᵂol,bakᵂol,bakᵂolo,l,bakᵂolo,баквол,баквол,бакволо,бакволо,л
71,ШЕРСТЬ ОВЕЧЬЯ ( ~ весенняя),4,χurši,χurši,,,,хурши,хурши,,,
71,ШЕРСТЬ ОВЕЧЬЯ ( ~ осенняя),4,miχi,miχilo,,,,михи,михило,,,
73,ВОЛОС,5,ɬin,ɬinl,ɬinibo,l,ɬinibo,лъин,лъинл,лъинибо,лъинибо,л
74,ПРИЧЕСКА МУЖСКАЯ,5,bočiči,bočičilo,bočičobi,l,bočičobi,бочичи,бочичило,бочичоби,бочичоби,л
74,ПРИЧЕСКА МУЖСКАЯ,5,bočiči,bočiču,bočičobi,l,bočičobi,бочичи,бочичу,бочичоби,бочичоби,л
75,КОСА ЖЕНСКАЯ,5,harƛ'u,harƛ'ulo,harƛ'obi,l,harƛ'obi,гьаркьу,гьаркьуло,гьаркьоби,гьаркьоби,л
76,ПЕТУШИНЫЙ ГРЕБЕНЬ,5,q'amu,q'amuo,q'amodu,l,q'amodu,къаму,къамуо,къамоду,къамоду,л
77,ГРИВА ЛОШАДИ,5,jal,jall,jal,il,jalili,йал,йалл,йал,йалили,ил
78,БОРОДА,4,migažu,migažuo,migažobi,l,migažobi,мигажу,мигажуо,мигажоби,мигажоби,л
78,БОРОДА,4,migažu,migažulo,migažobi,l,migažobi,мигажу,мигажуло,мигажоби,мигажоби,л
79,УС,5,miqi,miqilo,miqio,l,miqio,михъи,михъило,михъио,михъио,л
80,ПЕРО,4,ɬiru,ɬirdo,ɬirdobi,l,ɬirdobi,лъиру,лъирдо,лъирдоби,лъирдоби,л
81,КРЫЛО,4,ɬiru,ɬirdo,ɬirdobi,l,ɬirdobi,лъиру,лъирдо,лъирдоби,лъирдоби,л
82,РОГ,5,ɢᵂon,ɢᵂonl,ɢᵂonibo,l,ɢᵂonibo,къгвон,къгвонл,къгвонибо,къгвонибо,л
84,"ЧИРЕЙ, НАРЫВ",5,c':akara,c':akaru,c':akardu,l,c':akardu,цІцІакара,цІцІакару,цІцІакарду,цІцІакарду,л
85,РАНА,4,ruʁun,ruʁun,ruʁumo,l,ruʁumo,ругъун,ругъун,ругъумо,ругъумо,л
86,"МЕТКА (на ухе овцы), ШРАМ",4,anži,anžu,anžibo,l,anžibo,анжи,анжу,анжибо,анжибо,л
87,МОЗГ ГОЛОВНОЙ,4,honu,honulo,,,,гьону,гьонуло,,,
87,МОЗГ ГОЛОВНОЙ,4,honu,honu,,,,гьону,гьону,,,
88,СПЕРМА,5,šen,šen,,,,шен,шен,,,
89,КРОВЬ,5,hin,hin,hin,il,hinili,гьин,гьин,гьин,гьинили,ил
90,ПОТ (потение),5,honnoχ:ir,honnoχ:ir,,,,гьонноххир,гьонноххир,,,
91,ГНОЙ,5,loχwo,loχwoo,,,,лохво,лохвоо,,,
93,"СЛЕЗА, СЛЕЗЫ (собир.)",4,moɢo,moɢu,moɢo,l,moɢoli,мокъго,мокъгу,мокъго,мокъголи,л
94,СЛЮНА,5,toto,totu,toto,l,toto,тото,тоту,тото,тото,л
95,СОПЛЯ,5,maču,mačuo,mačodu,l,mačoba,мачу,мачуо,мачоду,мачоба,л
95,СОПЛЯ,5,maču,mačuo,mačodu,l,mačoda,мачу,мачуо,мачоду,мачода,л
95,СОПЛЯ,5,maču,mačulo,mačodu,l,mačoba,мачу,мачуло,мачоду,мачоба,л
95,СОПЛЯ,5,maču,mačulo,mačodu,l,mačoda,мачу,мачуло,мачоду,мачода,л
96,КОЗЯВКА,5,ɢenɢe,ɢenɢelo,ɢenɢe,l,ɢenɢe,къгенкъге,къгенкъгело,къгенкъге,къгенкъге,л
97,ЖЕЛЧЬ,5,s:im,s:im,,,,ссим,ссим,,,
98,МОЧА,4,hink':ur,hink':ur,hink':urdu,l,hink':urdu,гьинкІкІур,гьинкІкІур,гьинкІкІурду,гьинкІкІурду,л
99,КАЛ,5,qᵂolo,qᵂololo,,,,хъволо,хъвололо,,,
100,КАЛ ЖИДКИЙ,4,riχ:ir,riχ:ir,riχ:irdu,l,riχ:irdu,риххир,риххир,риххирду,риххирду,л
101,ПОМЕТ ЖИВОТНЫХ,4,čil,čil,čil,il,čilili,чил,чил,чил,чилили,ил
101,"ПОМЕТ ЖИВОТНЫХ ( ~ овцы, лошади)",5,k'ik'im,k'ik'im,k'ik'im,ol,k'ik'im,кІикІим,кІикІим,кІикІим,кІикІим,ол
101,ПОМЕТ ЖИВОТНЫХ ( ~ коровы),5,t'ebt'el,t'ebt'el,t'ebt'el,ol,t'ebt'el,тІебтІел,тІебтІел,тІебтІел,тІебтІел,ол
102,ОТЕЦ,1,ima,imu,imobi,l,imobi,има,иму,имоби,имоби,л
102,ОТЕЦ (папа),1,dada,dada,,,,дада,дада,,,
103,МАТЬ,2,ila,ilu,ilobi,l,ilobi,ила,илу,илоби,илоби,л
103,МАТЬ (мама),2,baba,baba,,,,баба,баба,,,
104,БРАТ,1,woc:i,woc:u,woc:,ul,woc:ulu,воцци,воццу,воцц,воццулу,ул
104,БРАТ ( ~ двоюродный),1,wacal,wacʔal,wacʔaladu,l,wacʔaladu,вацал,вацъал,вацъаладу,вацъаладу,л
104,БРАТ ( ~ троюродный),1,c:inaʔal,c:inaʔal,c:inaʔaladu,l,c:inaʔaladu,ццинаъал,ццинаъал,ццинаъаладу,ццинаъаладу,л
105,СЕСТРА,2,joc:i,joc:u,joc:ibo,l,joc:ibo,йоцци,йоццу,йоццибо,йоццибо,л
105,СЕСТРА ( ~ двоюродная),2,jacʔal,jacʔal,jacʔaladu,l,jacʔaladu,йацъал,йацъал,йацъаладу,йацъаладу,л
105,СЕСТРА ( ~ троюродная),2,c:inaʔal,c:inaʔal,c:inaʔaladu,l,c:inaʔaladu,ццинаъал,ццинаъал,ццинаъаладу,ццинаъаладу,л
106,СЫН,1,wošo,wošu,woš,ul,wošulu,вошо,вошу,вош,вошулу,ул
107,ДОЧЬ,2,joši,jošu,jošibo,l,jošibo,йоши,йошу,йошибо,йошибо,л
108,ВНУК (сына сын),1,wošuw-wošo,wošuw-wošu,wošuw-woš,ul,wošuw-wošulu,вошув-вошо,вошув-вошу,вошув-вош,вошув-вошулу,ул
108,ВНУК (дочери сын),1,jošuƛi-wošo,jošuƛi-wošu,jošuƛi-woš,ul,jošuƛi-wošulu,йошулІи-вошо,йошулІи-вошу,йошулІи-вош,йошулІи-вошулу,ул
108,"ВНУК (внучка, дочь сына)",2,wošuj-joši,wošuj-jošu,wošuj-jošibo,l,wošuj-jošibo,вошуй-йоши,вошуй-йошу,вошуй-йошибо,вошуй-йошибо,л
108,"ВНУК (внучка, дочь дочери)",2,jošuƛi-joši,jošuƛi-jošu,jošuƛi-jošibo,l,jošuƛi-jošibo,йошулІи-йоши,йошулІи-йошу,йошулІи-йошибо,йошулІи-йошибо,л
109,РЕБЕНОК,1,moč'i,moč'i,moč'i,l,moč'i,мочІи,мочІи,мочІи,мочІи,л
109,РЕБЕНОК,2,moč'i,moč'i,moč'i,l,moč'i,мочІи,мочІи,мочІи,мочІи,л
110,МУЖЧИНА,1,hek'a,hek'a,,adam,hek'a,гьекІа,гьекІа,,гьекІа,адам
110,МУЖЧИНА,1,hekᵂ'a,hekᵂ'a,,,,гьекІва,гьекІва,,,
110,МУЖЧИНА (муж),1,kunt'a,kunt'u,kunt'obi,l,kunt'obi,кунтІа,кунтІу,кунтІоби,кунтІоби,л
111,ЖЕНЩИНА,2,jošk'a,jošk'a,još,il,jošili,йошкІа,йошкІа,йош,йошили,ил
111,ЖЕНЩИНА,2,joškᵂa,joškᵂa,,,,йошква,йошква,,,
111,ЖЕНЩИНА,2,horč':i,horč':u,horč':obi,l,horč':obi,гьорчІчІи,гьорчІчІу,гьорчІчІоби,гьорчІчІоби,л
112,НЕВЕСТА,2,nusa,nusa,nusibadu,l,nusiba,нуса,нуса,нусибаду,нусиба,л
113,ЖЕНИХ,1,nuso,nuso,nusobdu,l,nusoba,нусо,нусо,нусобду,нусоба,л
114,ГОСТЬ (мужчина),1,c':e,š,c':e,l,c':elu,цІцІе,ш,цІцІе,цІцІелу,л
114,ГОСТЬ (гостья),2,c':e,c':e,c':e,l,c':elu,цІцІе,цІцІе,цІцІе,цІцІелу,л
115,"ПАСТУХ, ЧАБАН",1,χoroša,χoroš,χorošu,l,χorošu,хороша,хорош,хорошу,хорошу,л
116,ВООРУЖЁННЫЙ ОТРЯД,4,iha,iha,iha,l,ihali,игьа,игьа,игьа,игьали,л
118,"ОВЦА ВЗРОСЛАЯ, ОВЦЕМАТКА",3,dan,dan,dano,l,dano,дан,дан,дано,дано,л
119,БАРАН ВЗРОСЛЫЙ ( ~ производитель),3,anɬi,anɬio,anɬodu,l,anɬodu,анлъи,анлъио,анлъоду,анлъоду,л
119,БАРАН ВЗРОСЛЫЙ ( ~ кастрированный),3,kun,kun,kummu,l,kummu,кун,кун,кумму,кумму,л
120,ЯГНЕНОК до ОДНОГО года,3,bura,buralo,burdi,l,burdi,бура,бурало,бурди,бурди,л
121,ОВЦА МОЛОДАЯ от одного года до двух-трех лет,3,išk'ol,išk'olo,išk'olo,l,išk'olo,ишкІол,ишкІоло,ишкІоло,ишкІоло,л
121,ОВЦА МОЛОДАЯ от одного года до двух-трех лет ( ~ самка),3,horč'in,horč'in,horč'imo,l,horč'imo,гьорчІин,гьорчІин,гьорчІимо,гьорчІимо,л
121,ОВЦА МОЛОДАЯ от одного года до двух-трех лет ( ~ самец),3,rebƛa,rebƛalo,rebƛo,l,rebƛo,реблІа,реблІало,реблІо,реблІо,л
122,КОРОВА,3,ziwu,ziwuo,zino,l,zino,зиву,зивуо,зино,зино,л
122,КОРОВА,3,bišonni,bišonnu,,,,бишонни,бишонну,,,
123,БЫК (производитель),3,buʁa,buʁu,buʁᵂ,ol,buʁᵂ,бугъа,бугъу,бугъв,бугъв,ол
124,ВОЛ,3,unso,unsu,unso,l,unsoli,унсо,унсу,унсо,унсоли,л
125,ТЕЛКА одного-двух лет,3,ʁajč'a,ʁajč'u,ʁajč'ibdu,l,ʁajč'ibdu,гъайчІа,гъайчІу,гъайчІибду,гъайчІибду,л
125,ТЕЛКА двух-четырех лет,3,č'ora,č'oru,č'oribadu,l,c'oriba,чІора,чІору,чІорибаду,цІориба,л
126,ТЕЛЕНОК ДО ОДНОГО года,3,ɬedir,ɬedir,ɬera,l,ɬerali,лъедир,лъедир,лъера,лъерали,л
127,БЫЧОК от одного года до трех лет,3,milča,milčalo,milčibdu,l,milčibdu,милча,милчало,милчибду,милчибду,л
128,"ЛОШАДЬ, КОНЬ (родовое название)",3,k'otu,k'otu,k'ot,il,k'otili,кІоту,кІоту,кІот,кІотили,ил
129,КОБЫЛА,3,iča,iču,ič,il,ičili,ича,ичу,ич,ичили,ил
130,ЖЕРЕБЕЦ,3,čor,čor,čordu,l,čordu,чор,чор,чорду,чорду,л
131,ЖЕРЕБЕНОК,3,taj,taj,tajodu,l,tajodu,тай,тай,тайоду,тайоду,л
132,ОСЕЛ,3,hamoroχi,hamoroχu,hamoroχi,l,hamoroχili,гьаморохи,гьамороху,гьаморохи,гьаморохили,л
133,ОСЛЕНОК,3,tok'š:i,tok'iš:u,tok'iš:,ol,tok'iš:,токІщи,токІищу,токІищ,токІищ,ол
134,МУЛ,3,ɢurc'im,ɢurc'im,ɢurc'imo,l,ɢurc'imo,къгурцІим,къгурцІим,къгурцІимо,къгурцІимо,л
135,КОЗА,3,c':ija,c':iju,c':eni,l,c':eni,цІцІийа,цІцІийу,цІцІени,цІцІени,л
136,КОЗЕЛ,3,t'uka,t'uku,t'uk,il,t'ukili,тІука,тІуку,тІук,тІукили,ил
137,КОЗЛЕНОК,3,c':ek'ir,c':ek'ir,c':ek'irdu,l,c':ek'irdu,цІцІекІир,цІцІекІир,цІцІекІирду,цІцІекІирду,л
139,СОБАКА,3,χwoj,χwoj,χwodu,l,χwodu,хвой,хвой,хводу,хводу,л
140,СУКА,3,geži,gežo,gežobi,l,gežobi,гежи,гежо,гежоби,гежоби,л
141,ЩЕНОК,3,k'unc':i,k'unc':o,k'unc':o,l,k'unc':o,кІунцІцІи,кІунцІцІо,кІунцІцІо,кІунцІцІо,л
142,КОШКА,3,gedu,gedo,gedobi,l,gedobi,геду,гедо,гедоби,гедоби,л
143,КУРИЦА,3,ũ̍ʔecu,ũ̍ʔecu,ũ̍ʔecobi,l,ũ̍ʔecobi,уᵸъецу,уᵸъецу,уᵸъецоби,уᵸъецоби,л
144,ПЕТУХ,3,alkuci,alkucu,alkucobi,l,alkucobi,алкуци,алкуцу,алкуцоби,алкуцоби,л
147,ОЛЕНЬ,3,belir,belir,belirdu,l,belirdu,белир,белир,белирду,белирду,л
149,МЕДВЕДЬ,3,seji,sejo,seji,l,sejili,сейи,сейо,сейи,сейили,л
150,ВОЛК,3,boc'o,boc'u,boc'o,l,boc'oli,боцІо,боцІу,боцІо,боцІоли,л
151,ЛИСА,3,sor,sor,sordu,l,sordu,сор,сор,сорду,сорду,л
152,ЗАЯЦ,3,ƛ'ank'ala,ƛ'ank'alu,ƛ'ank'aldu,l,ƛ'ank'aldu,кьанкІала,кьанкІалу,кьанкІалду,кьанкІалду,л
153,БАРСУК,3,onχ:ur,onχ:ur,onχ:urdu,l,onχ:urdu,онххур,онххур,онххурду,онххурду,л
154,"ЗВЕРЬ ПУШНОЙ (ЛАСКА, КУНИЦА, БЕЛКА)",3,darɢᵂa,darɢᵂalo,darɢᵂibdu,l,darɢᵂibdu,даркъгва,даркъгвало,даркъгвибду,даркъгвибду,л
154,"ЗВЕРЬ ПУШНОЙ (ЛАСКА, КУНИЦА, БЕЛКА)",3,sarƛ'u,sarƛ'o,sarƛ'odu,l,sarƛ'odu,саркьу,саркьо,саркьоду,саркьоду,л
155,МЫШЬ,3,hink':u,hink:ᵂo,hink':o,l,hink':o,гьинкІкІу,гьинккво,гьинкІкІо,гьинкІкІо,л
156,ЕЖ,3,onži,onžilo,onži,l,onžili,онжи,онжило,онжи,онжили,л
157,"ПТИЦА ХИЩНАЯ (ОРЕЛ, СОКОЛ, ЯСТРЕБ)",3,c':un,c':un,c':ummu,l,c':ummu,цІцІун,цІцІун,цІцІумму,цІцІумму,л
157,"ПТИЦА ХИЩНАЯ (ОРЕЛ, СОКОЛ, ЯСТРЕБ)",3,qačirʁa,qačirʁu,qačirʁo,l,qačirʁo,хъачиргъа,хъачиргъу,хъачиргъо,хъачиргъо,л
158,ВОРОНА,3,ʁanni,ʁanno,ʁanno,l,ʁanno,гъанни,гъанно,гъанно,гъанно,л
159,"ПТИЦА ЧЕРНАЯ (ГАЛКА, ГРАЧ, СКВОРЕЦ)",3,č':inʁa,č':inʁo,č':inʁo,l,č':inʁo,чІчІингъа,чІчІингъо,чІчІингъо,чІчІингъо,л
160,СОРОКА,3,čordi-ʁanni,čordi-ʁanno,čordi-ʁanno,l,čordi-ʁanno,чорди-гъанни,чорди-гъанно,чорди-гъанно,чорди-гъанно,л
163,"ПТИЦА ХИЩНАЯ НОЧНАЯ (СОВА, ФИЛИН)",3,buhu,buho,bubodu,l,bubodu,бугьу,бугьо,бубоду,бубоду,л
165,КУРОПАТКА,3,ʁobʁo,ʁobʁolo,ʁobʁo,l,ʁobʁoli,гъобгъо,гъобгъоло,гъобгъо,гъобгъоли,л
166,ГОЛУБЬ,3,ʁuʁu,ʁuʁo,ʁuʁobi,l,ʁuʁobi,гъугъу,гъугъо,гъугъоби,гъугъоби,л
167,ЛАСТОЧКА,3,horč'ičol,horč'ičol,horč'ičolo,l,horč'ičolo,гьорчІичол,гьорчІичол,гьорчІичоло,гьорчІичоло,л
168,ПТИЦА,3,š:ekib,š:ekib,š:ekibo,l,š:ekibo,щекиб,щекиб,щекибо,щекибо,л
169,ГНЕЗДО,5,bešon,bešon,bešomi,l,bešomi,бешон,бешон,бешоми,бешоми,л
170,РЫБА,3,χwami,χwamilo,χwami,l,χwami,хвами,хвамило,хвами,хвами,л
171,ЛЯГУШКА,3,q'urru,q'urro,q'urro,l,q'urro,къурру,къурро,къурро,къурро,л
172,ЯЩЕРИЦА,3,k':onč:u,k':onč:ulo,k':onč:,ol,k':onč:,кІкІонччу,кІкІонччуло,кІкІончч,кІкІончч,ол
173,ЗМЕЯ,3,berča,berču,berčo,l,berčo,берча,берчу,берчо,берчо,л
174,ЧЕРВЬ,3,berča,berču,berčo,l,berčo,берча,берчу,берчо,берчо,л
175,ПИЯВКА,3,kurenži,kurenžilo,kurenžo,l,kurenžo,куренжи,куренжило,куренжо,куренжо,л
176,МУХА,3,t'ent'a,t'ent'u,t'ent'o,l,t'ent'o,тІентІа,тІентІу,тІентІо,тІентІо,л
177,СЛЕПЕНЬ,3,nič'u,nič'uo,nič'odu,l,nič'odu,ничІу,ничІуо,ничІоду,ничІоду,л
178,ПЧЕЛА,3,pera,peru,perdu,l,perdu,пера,перу,перду,перду,л
179,КОМАР,3,k':ara,k':aralo,,,,кІкІара,кІкІарало,,,
180,МОЛЬ,3,resi,resi,,,,реси,реси,,,
181,МУРАВЕЙ,3,ɬanc':i,ɬanc':ilo,ɬanc':o,l,ɬanc':o,лъанцІцІи,лъанцІцІило,лъанцІцІо,лъанцІцІо,л
182,ПАУК,3,misqara,misqaru,misqardu,l,misqardu,мисхъара,мисхъару,мисхъарду,мисхъарду,л
183,БАБОЧКА,3,q'at'ipa,q'at'ipu,q'at'ipo,l,q'at'ipo,къатІипа,къатІипу,къатІипо,къатІипо,л
184,КУЗНЕЧИК,3,ʁac'a,ʁac'u,ʁac'o,l,ʁac'o,гъацІа,гъацІу,гъацІо,гъацІо,л
185,КЛЕЩ,3,labila,labilu,labilo,l,labilo,лабила,лабилу,лабило,лабило,л
186,БЛОХА,3,č'onni,č'onnilo,č'onno,l,č'onno,чІонни,чІоннило,чІонно,чІонно,л
187,ВОШЬ,3,noc':i,noc':ilo,noc':o,l,noc':o,ноцІцІи,ноцІцІило,ноцІцІо,ноцІцІо,л
188,ГНИДА,3,t'ana,t'analo,t'ano,l,t'ano,тІана,тІанало,тІано,тІано,л
189,КЛОП,3,ƛ'anχil,ƛ'anχil,ƛ'anχil,ol,ƛ'anχil,кьанхил,кьанхил,кьанхил,кьанхил,ол
190,ДЕРЕВО,4,reša,rešu,rešobi,l,rešobi,реша,решу,решоби,решоби,л
191,ЛЕС,4,reša,rešu,rešobi,l,rešobi,реша,решу,решоби,решоби,л
192,КУСТ,4,žala,žalu,žalibo,l,žalibo,жала,жалу,жалибо,жалибо,л
193,ВЕТКА,5,anga,angalo,angibo,l,angibo,анга,ангало,ангибо,ангибо,л
194,ЛИСТ,5,ɬaχib,ɬaχib,ɬaχibo,l,ɬaχibo,лъахиб,лъахиб,лъахибо,лъахибо,л
195,"КОРА, КОЖУРА",5,qal,qal,qal,il,qalili,хъал,хъал,хъал,хъалили,ил
196,КОРЕНЬ,5,hiƛ'im,hiƛ'im,hiƛ'imo,l,hiƛ'imo,гьикьим,гьикьим,гьикьимо,гьикьимо,л
197,СМОЛА,5,pirc':i,pirc':ilo,,,,пирцІцІи,пирцІцІило,,,
198,ПЕНЬ,5,k'urc':o,k'urc':olo,k'urc':obdu,l,k'urc':obdu,кІурцІцІо,кІурцІцІоло,кІурцІцІобду,кІурцІцІобду,л
199,ЩЕПКА,5,c'umur,c'umur,c'umurdu,l,c'umurdu,цІумур,цІумур,цІумурду,цІумурду,л
200,БЕРЕЗА,5,beχu,beχu,,,,беху,беху,,,
202,ЛИПА,5,χwo,χwo,,,,хво,хво,,,
203,ИВА,5,hinc':u,hinc':ulo,,,,гьинцІцІу,гьинцІцІуло,,,
204,ТРАВА,5,kᵂordo,kᵂordo,kᵂordo,l,kᵂordoli,квордо,квордо,квордо,квордоли,л
204,ТРАВА (сено),4,hunč'a,hunč'alo,hunč',ol,hunč',гьунчІа,гьунчІало,гьунчІ,гьунчІ,ол
205,ЦВЕТОК,4,ǯinǯi,ǯinǯo,ǯinǯo,l,ǯinǯo,джинджи,джинджо,джинджо,джинджо,л
206,ЧЕРЕМША,5,hamku,hamkulo,hamku,l,hamkuli,гьамку,гьамкуло,гьамку,гьамкули,л
207,ТМИН,5,miɢᵂor,miɢᵂor,,,,микъгвор,микъгвор,,,
208,МЯТА,5,inc:irt'a,inc:irt'u,,,,инцциртІа,инцциртІу,,,
210,КАМЫШ,5,c':uma,c':umu,,,,цІцІума,цІцІуму,,,
211,СОРНЯК,5,č'aχa,č'aχalo,č'aχa,l,č'aχa,чІаха,чІахало,чІаха,чІаха,л
212,КРАПИВА,5,mič'i,mič'i,,,,мичІи,мичІи,,,
213,КОЛЮЧКА (шип растения),5,c':ana,c':anu,c':anibo,l,c':anibo,цІцІана,цІцІану,цІцІанибо,цІцІанибо,л
214,КОЛЮЧЕЕ ТРАВЯНИСТОЕ РАСТЕНИЕ,4,χubχul,χubχul,χubχulo,l,χubχulo,хубхул,хубхул,хубхуло,хубхуло,л
215,ЯБЛОКО,5,inči,inči,inči,l,inčili,инчи,инчи,инчи,инчили,л
216,ГРУША,5,hĩhĩ,hĩhĩlo,hĩhĩ,l,hĩhĩli,гьиᵸгьиᵸ,гьиᵸгьиᵸло,гьиᵸгьиᵸ,гьиᵸгьиᵸли,л
217,АБРИКОС,5,ɢurči,ɢurčo,ɢurčo,l,ɢurčo,къгурчи,къгурчо,къгурчо,къгурчо,л
218,ВИНОГРАД,5,č'ič'il,č'ič'il,č'ič'ilo,l,č'ič'ilo,чІичІил,чІичІил,чІичІило,чІичІило,л
219,АЛЫЧА,4,k'urk'ul,k'urk'ul,k'urk'ulo,l,k'urk'ulo,кІуркІул,кІуркІул,кІуркІуло,кІуркІуло,л
220,СЛИВА,4,k'urk'ul,k'urk'ul,k'urk'ulo,l,k'urk'ulo,кІуркІул,кІуркІул,кІуркІуло,кІуркІуло,л
224,ЗЕМЛЯНИКА,4,riɢriɢil,riɢriɢil,riɢriɢilo,l,riɢriɢilo,рикъгрикъгил,рикъгрикъгил,рикъгрикъгило,рикъгрикъгило,л
225,ЯГОДА ШИПОВНИКА,5,χ:ᵂoto,χ:ᵂotolo,χ:ᵂotibo,l,χ:ᵂotibo,ххвото,ххвотоло,ххвотибо,ххвотибо,л
226,ОРЕХ,4,ɢᵂaɢᵂal,ɢᵂaɢᵂal,ɢᵂaɢᵂalo,l,ɢᵂaɢᵂalo,къгвакъгвал,къгвакъгвал,къгвакъгвало,къгвакъгвало,л
227,КОСТОЧКА (плода),5,gaga,gagu,gagibo,l,gagibo,гага,гагу,гагибо,гагибо,л
228,ЛУК,5,k'onča,k'onču,k'onč,ol,k'ončoli,кІонча,кІончу,кІонч,кІончоли,ол
229,ЧЕСНОК,5,raži,raži,,,,ражи,ражи,,,
230,ГОРОХ,4,holi,holi,holi,l,holili,гьоли,гьоли,гьоли,гьолили,л
231,ЗЕРНЫШКО,5,q'ir,q'ir,q'iri,l,q'irili,къир,къир,къири,къирили,л
232,ЗЕРНО (собир.),5,muɢa,muɢalo,,,,мукъга,мукъгало,,,
232,ЗЕРНО (собир.),5,muɢa,muɢu,,,,мукъга,мукъгу,,,
233,СЕМЯ,4,šen,šen,,,,шен,шен,,,
234,КОЛОС,5,rola,rolu,rol,ol,rol,рола,ролу,рол,рол,ол
235,ОСТЬ (колоса),5,ƛ'una,ƛ'una,,,,кьуна,кьуна,,,
236,СОЛОМА,5,sit'a,sit'o,sit'o,l,sit'o,ситІа,ситІо,ситІо,ситІо,л
237,МЯКИНА,4,nik:u,nik:u,nik:odu,l,nik:odu,никку,никку,никкоду,никкоду,л
238,ПШЕНИЦА,5,muɢa,muɢu,,,,мукъга,мукъгу,,,
239,РОЖЬ,5,č'or,č'oro,,,,чІор,чІоро,,,
240,ПРОСО,5,beča,beču,,,,беча,бечу,,,
241,ОВЁС,5,niχa,niχalo,,,,ниха,нихало,,,
242,ЯЧМЕНЬ,5,burč'ina,burč'inu,,,,бурчІина,бурчІину,,,
243,МУКА,4,lenšur,lenšur,,,,леншур,леншур,,,
244,ТЕСТО,5,hat'i,hat'i,,,,гьатІи,гьатІи,,,
245,ТОЛОКНО,4,gun,gun,,,,гун,гун,,,
246,СОЛОД,5,linni,linni,,,,линни,линни,,,
247,ЖАРЕНОЕ ЗЕРНО,3,ƛ'imu,ƛ'imulo,,,,кьиму,кьимуло,,,
248,ХЛЕБ,5,ʁan,ʁan,ʁano,l,ʁano,гъан,гъан,гъано,гъано,л
248,ХЛЕБ (лепешка),4,karaki,karaku,karako,l,karako,караки,караку,карако,карако,л
249,ХЛЕБНОЕ ИЗДЕЛИЕ С НАЧИНКОЙ,5,ingura,inguru,,,,ингура,ингуру,,,
250,МОЛОКО,4,š:iwu,š:iwu,š:iwodu,l,š:iwodu,щиву,щиву,щиводу,щиводу,л
251,СЫВОРОТКА,4,ɢerc':i,ɢerc':o,,,,къгерцІцІи,къгерцІцІо,,,
252,МОЛОЗИВО,5,c':iru,c':irdo,,,,цІцІиру,цІцІирдо,,,
253,МАСЛО,4,ƛurƛa,ƛurƛo,ƛurƛo,l,ƛurƛo,лІурлІа,лІурлІо,лІурлІо,лІурлІо,л
254,СМЕТАНА,5,lel,lell,lel,il,lelili,лел,лелл,лел,лелили,ил
254,СМЕТАНА,5,lel,lel,lel,il,lelili,лел,лел,лел,лелили,ил
255,СЫР (творог),4,iso,iso,iso,l,isoli,исо,исо,исо,исоли,л
255,СЫР (брынза),4,č'ami,č'ami,č'ami,l,č'amili,чІами,чІами,чІами,чІамили,л
256,МЯСО,5,riƛ'i,riƛ'i,riƛ'i,l,riƛ'ili,рикьи,рикьи,рикьи,рикьили,л
257,ЖИР,4,sosi,sosi,sosi,l,sosili,соси,соси,соси,сосили,л
258,БУЛЬОН,4,koš:i,koš:i,koš:i,l,koš:ili,кощи,кощи,кощи,кощили,л
259,ХИНКАЛ,5,q'innil,q'innil,q'innilo,l,q'innilo,къиннил,къиннил,къиннило,къиннило,л
260,ЯЙЦО,4,k'ork'on,k'ork'on,k'ork'omi,l,k'ork'omi,кІоркІон,кІоркІон,кІоркІоми,кІоркІоми,л
261,СОЛЬ,4,c':on,c':on,,,,цІцІон,цІцІон,,,
262,"ХМЕЛЬНОЙ НАПИТОК, БУЗА",4,č'aʔa,č'aʔa,,,,чІаъа,чІаъа,,,
262,"ХМЕЛЬНОЙ НАПИТОК, БУЗА",4,medi,medilo,,,,меди,медило,,,
263,МЕД,4,hunc':i,hunc':i,hunc':i,l,hunc':ili,гьунцІцІи,гьунцІцІи,гьунцІцІи,гьунцІцІили,л
264,РУБАШКА,4,kᵂanno,kᵂannolo,kᵂannibdu,l,kᵂannibdu,кванно,кванноло,кваннибду,кваннибду,л
264,РУБАШКА,4,kᵂanno,kᵂannu,kᵂannibdu,l,kᵂannibdu,кванно,кванну,кваннибду,кваннибду,л
265,ШТАНЫ,4,ošqogi,ošqogu,ošqogobi,l,ošqogobi,ошхъоги,ошхъогу,ошхъогоби,ошхъогоби,л
266,"БУРКА, ВОЙЛОК",5,burtina,burtinu,burtimo,l,burtimo,буртина,буртину,буртимо,буртимо,л
267,"ТУЛУП, ШУБА",5,qapača,qapaču,qapačo,l,qapačo,хъапача,хъапачу,хъапачо,хъапачо,л
267,"ТУЛУП, ШУБА ( ~ с длинными рукавами)",5,biɬo,biɬo,biɬodu,l,biɬodu,билъо,билъо,билъоду,билъоду,л
268,ПАПАХА,5,raɢᵂara,raɢᵂaru,raɢᵂardobi,l,raɢᵂardobi,ракъгвара,ракъгвару,ракъгвардоби,ракъгвардоби,л
268,ПАПАХА,5,raɢᵂara,raɢᵂaru,raɢᵂardu,l,raɢᵂardu,ракъгвара,ракъгвару,ракъгварду,ракъгварду,л
269,ПЛАТОК ЖЕНСКИЙ,4,k'azi,k'azilo,k'azi,l,k'azili,кІази,кІазило,кІази,кІазили,л
269,ПЛАТОК ЖЕНСКИЙ,4,k'azi,k'azi,k'azi,l,k'azili,кІази,кІази,кІази,кІазили,л
269,ПЛАТОК ЖЕНСКИЙ,4,jawluqi,jawluqilo,jawluqo,l,jawluqo,йавлухъи,йавлухъило,йавлухъо,йавлухъо,л
270,ЧУХТА,5,čuχt'u,čuχt'u,čuχt'u,l,čuχt'uli,чухтІу,чухтІу,чухтІу,чухтІули,л
271,КОЛЬЦО,4,c':ek'a-ɬol,c':ek'a-ɬol,c':ek'a-ɬolo,l,c':ek'a-ɬolo,цІцІекІа-лъол,цІцІекІа-лъол,цІцІекІа-лъоло,цІцІекІа-лъоло,л
272,БРАСЛЕТ,4,kᵂorq'in,kᵂorq'in,kᵂorq'imo,l,kᵂorq'imo,кворкъин,кворкъин,кворкъимо,кворкъимо,л
273,"ПОЛОСКА КОЖИ, РЕМЕШОК",4,č'ol,č'olo,č'olibo,l,č'olibo,чІол,чІоло,чІолибо,чІолибо,л
273,"ПОЛОСКА КОЖИ, РЕМЕШОК (широкая ~ )",5,iɬob,iɬob,iɬobi,l,iɬobi,илъоб,илъоб,илъоби,илъоби,л
274,ПОЯС,4,roƛ'očul,roƛ'očul,roƛ'očulo,l,roƛ'očulo,рокьочул,рокьочул,рокьочуло,рокьочуло,л
275,ПУГОВИЦА,5,mirʁara,mirʁaralo,mirʁardu,l,mirʁardu,миргъара,миргъарало,миргъарду,миргъарду,л
275,ПУГОВИЦА,5,mirʁara,mirʁaru,mirʁardu,l,mirʁardu,миргъара,миргъару,миргъарду,миргъарду,л
276,ЗАСТЕЖКА,5,kic'u,kic'uo,kic'du,l,kic'du,кицІу,кицІуо,кицІду,кицІду,л
276,ЗАСТЕЖКА,5,kic'u,kic'uo,kic'obi,l,kic'obi,кицІу,кицІуо,кицІоби,кицІоби,л
277,РУКАВ,5,kᵂol,kᵂolo,kᵂolibo,l,kᵂolibo,квол,кволо,кволибо,кволибо,л
278,РУКАВИЦА,4,kᵂoɬir,kᵂoɬir,kᵂoɬirdu,l,kᵂoɬirdu,кволъир,кволъир,кволъирду,кволъирду,л
279,НОСОК ВЯЗАНЫЙ,5,padan,padan,padami,l,padami,падан,падан,падами,падами,л
280,"САПОГ (ВОЙЛОЧНЫЙ, вязаный)",5,čakmahi,čakmahu,čakmaho,l,čakmaho,чакмагьи,чакмагьу,чакмагьо,чакмагьо,л
281,ГОЛЕНИЩЕ,5,s:akur,s:akur,s:akurdu,l,s:akurdu,ссакур,ссакур,ссакурду,ссакурду,л
282,СОХА,4,rebc:u,rebc:uo,rebc:odu,l,rebc:odu,ребццу,ребццуо,ребццоду,ребццоду,л
282,СОХА,4,rebc:u,rebc:ulo,rebc:odu,l,rebc:odu,ребццу,ребццуло,ребццоду,ребццоду,л
283,СОВНИК,5,q'eb,q'ebdo,q'ebadu,l,q'ebadu,къеб,къебдо,къебаду,къебаду,л
284,ЯРМО,4,ruƛ'o,ruƛ'o,ruƛ'odu,l,ruƛ'odu,рукьо,рукьо,рукьоду,рукьоду,л
284,ЯРМО,4,ruƛ'o,ruƛ'oo,ruƛ'odu,l,ruƛ'odu,рукьо,рукьоо,рукьоду,рукьоду,л
285,МОЛОТИЛЬНАЯ ДОСКА,5,belim,belim,belimo,l,belimo,белим,белим,белимо,белимо,л
286,ЛОПАТА (деревянная),4,reχ:in,reχ:in,reχ:imo,l,reχ:imo,реххин,реххин,реххимо,реххимо,л
286,ЛОПАТА (деревянная),4,reχ:in,reχ:in,reχ:imo,l,reχ:imo,реххин,реххин,реххимо,реххимо,л
286,ЛОПАТА (железная),5,bel,bell,beladu,l,beladu,бел,белл,беладу,беладу,л
287,КИРКА,4,gaza,gazalo,gazibo,l,gazibo,газа,газало,газибо,газибо,л
287,КИРКА,4,gaza,gaza,gazibo,l,gazibo,газа,газа,газибо,газибо,л
287,КИРКА,4,gaza,gazu,gazibo,l,gazibo,газа,газу,газибо,газибо,л
288,МОТЫГА,5,cel,cell,cel,il,cel,цел,целл,цел,цел,ил
289,ГРАБЛИ,5,ɬabɬal,ɬabɬalo,ɬabɬalo,l,ɬabɬalo,лъаблъал,лъаблъало,лъаблъало,лъаблъало,л
289,ГРАБЛИ,5,ɬabɬal,ɬabɬal,ɬabɬalo,l,ɬabɬalo,лъаблъал,лъаблъал,лъаблъало,лъаблъало,л
290,ВИЛЫ,5,k'onƛ'a,k'onƛ'u,k'onƛ'ibo,l,k'onƛ'ibo,кІонкьа,кІонкьу,кІонкьибо,кІонкьибо,л
291,СЕРП,5,qandiru,qandiru,qandirdu,l,qandirdu,хъандиру,хъандиру,хъандирду,хъандирду,л
292,КОСА,5,ničo,ničoo,ničodu,l,ničodu,ничо,ничоо,ничоду,ничоду,л
292,КОСА,5,ničo,ničolo,ničodu,l,ničodu,ничо,ничоло,ничоду,ничоду,л
293,ПИЛА,5,quqadir,quqadir,quqadiro,l,quqadiro,хъухъадир,хъухъадир,хъухъадиро,хъухъадиро,л
294,ТОПОР,4,anžidi,anžidu,anžidobi,l,anžidobi,анжиди,анжиду,анжидоби,анжидоби,л
295,МОЛОТОК,4,kurt'a,kurt'alo,kurt'ibdu,l,kurt'ibdu,куртІа,куртІало,куртІибду,куртІибду,л
295,МОЛОТОК,4,kurt'a,kurt'u,kurt'ibdu,l,kurt'ibdu,куртІа,куртІу,куртІибду,куртІибду,л
297,ГВОЗДЬ,5,hamkᵂ'o,hamkᵂ'olo,hamkᵂ'odu,l,hamkᵂ'odu,гьамкІво,гьамкІволо,гьамкІводу,гьамкІводу,л
298,КЛИН,5,hamkᵂ'o,hamkᵂ'olo,hamkᵂ'odu,l,hamkᵂ'odu,гьамкІво,гьамкІволо,гьамкІводу,гьамкІводу,л
299,КОЛ,5,hamkᵂ'o,hamkᵂ'olo,hamkᵂ'odu,l,hamkᵂ'odu,гьамкІво,гьамкІволо,гьамкІводу,гьамкІводу,л
300,ПАЛКА,4,c'ul,c'ull,c'ulibo,l,c'ulibo,цІул,цІулл,цІулибо,цІулибо,л
300,ПАЛКА (посох),4,ɢant'a,ɢant'a,ɢant'ibo,l,ɢant'ibo,къгантІа,къгантІа,къгантІибо,къгантІибо,л
300,ПАЛКА (посох),4,ɢant'a,ɢant'alo,ɢant'ibo,l,ɢant'ibo,къгантІа,къгантІало,къгантІибо,къгантІибо,л
300,ПАЛКА (посох),4,ɢant'a,ɢant'ul,ɢant'ibo,l,ɢant'ibo,къгантІа,къгантІул,къгантІибо,къгантІибо,л
301,ШИЛО,4,himu,himulo,himodu,l,himodu,гьиму,гьимуло,гьимоду,гьимоду,л
301,ШИЛО,4,himu,himuo,himodu,l,himodu,гьиму,гьимуо,гьимоду,гьимоду,л
302,ИГЛА,5,bežun,bežun,bežumo,l,bežumo,бежун,бежун,бежумо,бежумо,л
303,СПИЦА ВЯЗАЛЬНАЯ,5,bežun,bežun,bežumo,l,bežumo,бежун,бежун,бежумо,бежумо,л
304,НАПЕРСТОК,5,c':ek'a,c':ek'u,c':ek'obi,l,c':ek'obi,цІцІекІа,цІцІекІу,цІцІекІоби,цІцІекІоби,л
305,НОЖНИЦЫ,4,isir,isir,isirdu,l,isirdu,исир,исир,исирду,исирду,л
306,ВЕРЕВКА,4,rošan,rošan,rošami,l,rošami,рошан,рошан,рошами,рошами,л
306,ВЕРЕВКА (кожаная),5,iɬob,iɬob,iɬobi,l,iɬobi,илъоб,илъоб,илъоби,илъоби,л
307,НИТКА,4,rekun,rekun,rekumo,l,rekumo,рекун,рекун,рекумо,рекумо,л
308,МОТОК НИТОК,4,girgin,girgin,girgimo,l,girgimo,гиргин,гиргин,гиргимо,гиргимо,л
308,МОТОК НИТОК,4,girgin,girgin,girgimo,l,girgimo,гиргин,гиргин,гиргимо,гиргимо,л
309,ГРЕБЕНЬ ДЛЯ ШЕРСТИ,4,hoƛ'u,hoƛ'uo,hoƛ'odu,l,hoƛ'odu,гьокьу,гьокьуо,гьокьоду,гьокьоду,л
309,ГРЕБЕНЬ ДЛЯ ШЕРСТИ,4,hoƛ'u,hoƛ'uo,hoƛ'obi,l,hoƛ'obi,гьокьу,гьокьуо,гьокьоби,гьокьоби,л
309,ГРЕБЕНЬ ДЛЯ ШЕРСТИ,4,hoƛ'u,hoƛ'ulo,hoƛ'odu,l,hoƛ'odu,гьокьу,гьокьуло,гьокьоду,гьокьоду,л
309,ГРЕБЕНЬ ДЛЯ ШЕРСТИ,4,hoƛ'u,hoƛ'ulo,hoƛ'obi,l,hoƛ'obi,гьокьу,гьокьуло,гьокьоби,гьокьоби,л
310,ВЕРЕТЕНО,4,migᵂa,migᵂalo,migᵂobi,l,migᵂobi,мигва,мигвало,мигвоби,мигвоби,л
310,ВЕРЕТЕНО,4,migᵂa,migᵂa,migᵂobi,l,migᵂobi,мигва,мигва,мигвоби,мигвоби,л
312,КАТОК ДЛЯ КРЫШИ,4,girgin,girgin,girgimo,l,girgimo,гиргин,гиргин,гиргимо,гиргимо,л
312,КАТОК ДЛЯ КРЫШИ,4,girgin,girgin,girgimo,l,girgimo,гиргин,гиргин,гиргимо,гиргимо,л
313,КУЗНЕЧНЫЙ МЕХ,4,purχul,purχulo,purχulo,l,purχulo,пурхул,пурхуло,пурхуло,пурхуло,л
313,КУЗНЕЧНЫЙ МЕХ,4,purχul,purχul,purχulo,l,purχulo,пурхул,пурхул,пурхуло,пурхуло,л
314,ЩИПЦЫ ДЛЯ УГЛЕЙ,5,χuc'u,χuc'ulo,χuc'odu,l,χuc'odu,хуцІу,хуцІуло,хуцІоду,хуцІоду,л
314,ЩИПЦЫ ДЛЯ УГЛЕЙ,5,χuc'u,χuc'uo,χuc'odu,l,χuc'odu,хуцІу,хуцІуо,хуцІоду,хуцІоду,л
315,ЦЕПЬ,4,raχ:as:i,raχ:as:u,raχ:as:o,l,raχ:as:o,раххасси,раххассу,раххассо,раххассо,л
316,КРЕМЕНЬ,5,č'omu,č'omuo,č'omobi,l,č'omobi,чІому,чІомуо,чІомоби,чІомоби,л
316,КРЕМЕНЬ,5,č'omu,č'omuo,č'omodu,l,č'omodu,чІому,чІомуо,чІомоду,чІомоду,л
316,КРЕМЕНЬ,5,č'omu,č'omulo,č'omobi,l,č'omobi,чІому,чІомуло,чІомоби,чІомоби,л
316,КРЕМЕНЬ,5,č'omu,č'omulo,č'omodu,l,č'omodu,чІому,чІомуло,чІомоду,чІомоду,л
317,ТРУТ,5,s:ek'u,s:ek'uo,s:ekᵂ'odu,l,s:ekᵂ'odu,ссекІу,ссекІуо,ссекІводу,ссекІводу,л
317,ТРУТ,5,s:ek'u,s:ek'ulo,s:ekᵂ'odu,l,s:ekᵂ'odu,ссекІу,ссекІуло,ссекІводу,ссекІводу,л
318,ТОЧИЛО (плоское),4,qiru,qiruo,qirdobi,l,qirdobi,хъиру,хъируо,хъирдоби,хъирдоби,л
318,ТОЧИЛО (круглое),4,inkᵂa,inkᵂa,inkᵂodu,l,inkᵂodu,инква,инква,инкводу,инкводу,л
319,ЧЕРПАК,5,gama,gamu,gamibo,l,gamibo,гама,гаму,гамибо,гамибо,л
320,ШУМОВКА,5,q'innilaχ:ub,q'innilaχ:ub,q'innilaχ:ubu,l,q'innilaχ:ubu,къиннилаххуб,къиннилаххуб,къиннилаххубу,къиннилаххубу,л
320,ШУМОВКА,5,q'innilaχ:ub,q'innilaχ:ub,q'innilaχ:ubo,l,q'innilaχ:ubo,къиннилаххуб,къиннилаххуб,къиннилаххубо,къиннилаххубо,л
321,ЛОЖКА (металлическая),5,arkom,arkom,arkomi,l,arkomi,арком,арком,аркоми,аркоми,л
321,ЛОЖКА (деревянная),5,žinna,žinnu,žinnibdu,l,žinnibdu,жинна,жинну,жиннибду,жиннибду,л
321,ЛОЖКА (деревянная),5,žinna,žinnu,žinno,l,žinno,жинна,жинну,жинно,жинно,л
322,ВИЛКА,5,c'umur,c'umur,c'umurdu,l,c'umurdu,цІумур,цІумур,цІумурду,цІумурду,л
323,НОЖ,5,besun,besun,besumo,l,besumo,бесун,бесун,бесумо,бесумо,л
324,ЛУК (оружие),3,c'iwu,c'iwu,c'uwodu,l,c'uwodu,цІиву,цІиву,цІуводу,цІуводу,л
325,СТРЕЛА,5,č'orbut'i,č'orbut'illo,č'orbut'io,l,č'orbut'io,чІорбутІи,чІорбутІилло,чІорбутІио,чІорбутІио,л
325,СТРЕЛА,5,č'orbut'i,č'orbut'illo,č'orbut'iobi,l,č'orbut'iobi,чІорбутІи,чІорбутІилло,чІорбутІиоби,чІорбутІиоби,л
325,СТРЕЛА,5,č'orbut'i,č'orbut'u,č'orbut'io,l,č'orbut'io,чІорбутІи,чІорбутІу,чІорбутІио,чІорбутІио,л
325,СТРЕЛА,5,č'orbut'i,č'orbut'u,č'orbut'iobi,l,č'orbut'iobi,чІорбутІи,чІорбутІу,чІорбутІиоби,чІорбутІиоби,л
326,САБЛЯ,4,χ:elčamu,χ:elčamu,χ:elčamo,l,χ:elčamo,ххелчаму,ххелчаму,ххелчамо,ххелчамо,л
327,КИНЖАЛ,5,qanžar,qanžar,qanžardu,l,qanžardu,хъанжар,хъанжар,хъанжарду,хъанжарду,л
328,НОЖНЫ,5,χ:ubaru,χ:ubaru,χ:ubardu,l,χ:ubardu,ххубару,ххубару,ххубарду,ххубарду,л
328,НОЖНЫ,5,reɬoba,reɬobalo,reɬobi,l,reɬobi,релъоба,релъобало,релъоби,релъоби,л
329,"РУКОЯТКА (ножа, сабли)",4,kᵂo,kᵂolo,kᵂo,lil,kᵂolili,кво,кволо,кво,кволили,лил
330,КАПКАН,5,gudur,gudur,gudurdu,l,gudurdu,гудур,гудур,гудурду,гудурду,л
331,СЕТЬ (силок),4,roč':i,roč':ilo,roč':odu,l,roč':odu,рочІчІи,рочІчІило,рочІчІоду,рочІчІоду,л
332,НОША (вязанка травы или хвороста),4,reli,relilo,reli,l,relili,рели,релило,рели,релили,л
333,ВЬЮК (цельный),5,tibar,tibar,tibardu,l,tibardu,тибар,тибар,тибарду,тибарду,л
333,ВЬЮК (двусторонний),5,talirsi,talirsu,talirso,l,talirso,талирси,талирсу,талирсо,талирсо,л
334,ОХАПКА,5,hoƛ'ija,hoƛ'ijalo,hoƛ'ijo,l,hoƛ'ijo,гьокьийа,гьокьийало,гьокьийо,гьокьийо,л
335,САНИ,4,čanaʁi,čanaʁu,čanaʁobi,l,čanaʁobi,чанагъи,чанагъу,чанагъоби,чанагъоби,л
335,САНИ,4,salisol,salisu,salisobi,l,salisobi,салисол,салису,салисоби,салисоби,л
336,АРБА,4,inkᵂa,inkᵂa,inkᵂa,l,inkᵂa,инква,инква,инква,инква,л
337,КОЛЕСО,4,č'ujrigi,č'ujrigu,č'ujrigobi,l,č'ujrigobi,чІуйриги,чІуйригу,чІуйригоби,чІуйригоби,л
337,КОЛЕСО,4,č'ujrigi,č'ujrigu,č'ujrigo,l,č'ujrigo,чІуйриги,чІуйригу,чІуйриго,чІуйриго,л
338,СЕДЛО (ездовое),4,ƛ'erƛ'il,ƛ'erƛ'ilu,ƛ'erƛ'ilo,l,ƛ'erƛ'ilo,кьеркьил,кьеркьилу,кьеркьило,кьеркьило,л
338,"СЕДЛО (ездовое, деревянная основа)",4,χerzim,χerzim,χerzimo,l,χerzimo,херзим,херзим,херзимо,херзимо,л
338,"СЕДЛО (ездовое, кожаный верх)",5,mildar,mildar,mildardu,l,mildardu,милдар,милдар,милдарду,милдарду,л
338,СЕДЛО (гужевое),5,k'at'ara,k'at'aru,k'at'ardu,l,k'at'ardu,кІатІара,кІатІару,кІатІарду,кІатІарду,л
339,УЗДЕЧКА,4,barχon,barχon,barχomi,l,barχomi,бархон,бархон,бархоми,бархоми,л
340,КНУТ,4,č':artil,č':artil,č':arto,l,č':arto,чІчІартил,чІчІартил,чІчІарто,чІчІарто,л
340,КНУТ,4,č':artil,č':artilo,č':arto,l,č':arto,чІчІартил,чІчІартило,чІчІарто,чІчІарто,л
341,СТРЕМЯ,5,padučan,padučan,padučami,l,padučami,падучан,падучан,падучами,падучами,л
342,ПОДКОВА,5,ɬol,ɬolo,ɬolibo,l,ɬolibo,лъол,лъоло,лъолибо,лъолибо,л
342,ПОДКОВА,5,ɬol,ɬoll,ɬolibo,l,ɬolibo,лъол,лъолл,лъолибо,лъолибо,л
343,ЗОЛОТО,5,misidi,misidilo,,,,мисиди,мисидило,,,
344,"СЕРЕБРО, ДЕНЬГИ",5,orsi,orsi,,,,орси,орси,,,
345,ЖЕЛЕЗО,5,k:ub,k:ub,,,,ккуб,ккуб,,,
346,"МЕДЬ, БРОНЗА",5,hir,hir,,,,гьир,гьир,,,
347,СВИНЕЦ,5,t'uši,t'uši,,,,тІуши,тІуши,,,
347,СВИНЕЦ,5,t'uši,t'ušilo,,,,тІуши,тІушило,,,
348,ОЛОВО,5,ʁalaj,ʁalaj,,,,гъалай,гъалай,,,
348,ОЛОВО,5,ʁalaj,ʁalaj,,,,гъалай,гъалай,,,
349,"ПОЛЕНО, ДРОВА",5,ɬudi,ɬudilo,ɬudo,l,ɬudo,лъуди,лъудило,лъудо,лъудо,л
349,"ПОЛЕНО, ДРОВА",5,ɬudi,ɬudi,ɬudo,l,ɬudo,лъуди,лъуди,лъудо,лъудо,л
350,КИЗЯК,5,bara,baralo,baribo,l,baribo,бара,барало,барибо,барибо,л
351,УГОЛЬ ДРЕВЕСНЫЙ,5,habu,habulo,,,,гьабу,гьабуло,,,
351,УГОЛЬ ДРЕВЕСНЫЙ,5,habu,habuo,,,,гьабу,гьабуо,,,
352,КОВЕР (ворсовый),5,t'ams:a,t'ams:u,t'ams:ibo,l,t'ams:ibo,тІамсса,тІамссу,тІамссибо,тІамссибо,л
353,ПАЛАС,5,palarsi,palarsu,palarsibi,l,palarsibi,паларси,паларсу,паларсиби,паларсиби,л
353,ПАЛАС,5,palarsi,palarsu,palarso,l,palarso,паларси,паларсу,паларсо,паларсо,л
353,ПАЛАС,5,dum,dum,dum,il,dumili,дум,дум,дум,думили,ил
354,ТАБУРЕТ,5,mokᵂ'o,mokᵂ'olo,mokᵂ'o,l,mokᵂ'oli,мокІво,мокІволо,мокІво,мокІволи,л
354,ТАБУРЕТ,5,mokᵂ'o,mokᵂ'o,mokᵂ'o,l,mokᵂ'oli,мокІво,мокІво,мокІво,мокІволи,л
355,ВЕНИК,5,kᵂoc'i,kᵂoc'ilo,kᵂoc',ol,kᵂoc'olda,квоцІи,квоцІило,квоцІ,квоцІолда,ол
355,ВЕНИК (метла),5,ƛarƛal,ƛarƛal,ƛarƛalo,l,ƛarƛalo,лІарлІал,лІарлІал,лІарлІало,лІарлІало,л
356,ЗЕРКАЛО,4,mat'u,mat'u,mat'ubi,l,mat'ubi,матІу,матІу,матІуби,матІуби,л
356,ЗЕРКАЛО,4,mat'u,mat'u,mat'odu,l,mat'odu,матІу,матІу,матІоду,матІоду,л
356,ЗЕРКАЛО,4,mat'u,mat'ulo,mat'ubi,l,mat'ubi,матІу,матІуло,матІуби,матІуби,л
356,ЗЕРКАЛО,4,mat'u,mat'ulo,mat'odu,l,mat'odu,матІу,матІуло,матІоду,матІоду,л
357,ПОСУДА,5,čingil-čongol,čingil-čongol,čingil-čongolo,l,čingil-čongolo,чингил-чонгол,чингил-чонгол,чингил-чонголо,чингил-чонголо,л
358,КОТЕЛ,4,uχ:i,uχ:ilo,uχ:i,l,uχ:i,уххи,уххило,уххи,уххи,л
359,КРЫШКА,4,lala,lalalo,lalibo,l,lalibo,лала,лалало,лалибо,лалибо,л
359,КРЫШКА,4,lala,lalul,lalibo,l,lalibo,лала,лалул,лалибо,лалибо,л
360,КУВШИН,5,pinžaw,pinžaw,pinžawo,l,pinžawo,пинжав,пинжав,пинжаво,пинжаво,л
360,КУВШИН,5,qaba,qaba,qaba,l,qaba,хъаба,хъаба,хъаба,хъаба,л
360,КУВШИН,5,qaba,qaba,qabibo,l,qabibo,хъаба,хъаба,хъабибо,хъабибо,л
360,КУВШИН,5,koru,koru,kordobi,l,kordobi,кору,кору,кордоби,кордоби,л
360,КУВШИН,4,čugi,čugi,čugi,l,čugili,чуги,чуги,чуги,чугили,л
361,МЕРКА ДЛЯ МУКИ,5,s:ahi,s:ahi,s:ahi,l,s:ahi,ссагьи,ссагьи,ссагьи,ссагьи,л
361,МЕРКА ДЛЯ МУКИ,5,q'ali,q'alilo,q'alibo,l,q'alibo,къали,къалило,къалибо,къалибо,л
361,МЕРКА ДЛЯ МУКИ,5,q'ali,q'alilo,q'ali,l,q'ali,къали,къалило,къали,къали,л
362,КОРЫТО,4,irsa,irsu,irsibdu,l,irsibdu,ирса,ирсу,ирсибду,ирсибду,л
362,КОРЫТО,4,irsa,irsu,irsibo,l,irsibo,ирса,ирсу,ирсибо,ирсибо,л
363,СИТО,4,susuk'u,susuk'u,susuk'obi,l,susuk'obi,сусукІу,сусукІу,сусукІоби,сусукІоби,л
364,СУНДУК,4,ʁᵂamars:u,ʁᵂamars:u,ʁᵂamars:o,l,ʁᵂamars:o,гъвамарссу,гъвамарссу,гъвамарссо,гъвамарссо,л
365,КОРЗИНА,5,tusk'ar,tusk'ar,tusk'ardu,l,tusk'ardu,тускІар,тускІар,тускІарду,тускІарду,л
366,БУРДЮК,4,ƛ'eton,ƛ'eton,ƛ'etomi,l,ƛ'etomi,кьетон,кьетон,кьетоми,кьетоми,л
367,МЕШОК,5,gᵂala,gᵂalu,gᵂalibo,l,gᵂalibo,гвала,гвалу,гвалибо,гвалибо,л
368,ЛЮЛЬКА,5,kini,kinillo,kinibo,l,kinibo,кини,кинилло,кинибо,кинибо,л
369,ЮЛА,4,k'ak'u,k'ak'ulo,k'ak'odu,l,k'ak'odu,кІакІу,кІакІуло,кІакІоду,кІакІоду,л
370,СЕЛЕНИЕ,4,hon,hon,honadu,l,honadu,гьон,гьон,гьонаду,гьонаду,л
370,СЕЛЕНИЕ (хутор),5,kuli,kulilo,kuli,l,kulili,кули,кулило,кули,кулили,л
371,"ДОМ, КОМНАТА",4,haq'u,haq'u,haq'obi,l,haq'obi,гьакъу,гьакъу,гьакъоби,гьакъоби,л
371,"ДОМ, КОМНАТА",4,milki,milkilo,milki,l,milkili,милки,милкило,милки,милкили,л
372,ФУНДАМЕНТ,5,ƛ'uč':i,ƛ'uč':ilo,ƛ'uč':adu,l,ƛ'uč':adu,кьучІчІи,кьучІчІило,кьучІчІаду,кьучІчІаду,л
373,ПОЛ ЗЕМЛЯНОЙ,4,onš:i,onš:i,,,,онщи,онщи,,,
374,СТЕНА,5,q'en,q'enno,q'ennadu,l,q'ennadu,къен,къенно,къеннаду,къеннаду,л
375,ОКНО,5,k'amur,k'amur,k'amurdu,l,k'amurdu,кІамур,кІамур,кІамурду,кІамурду,л
376,УГОЛ (внутренний),4,rič'in,rič'in,rič'imo,l,rič'imo,ричІин,ричІин,ричІимо,ричІимо,л
376,УГОЛ (внешний),5,bik'un,bik'un,bik'umo,l,bik'umo,бикІун,бикІун,бикІумо,бикІумо,л
377,СТОЛБ ОПОРНЫЙ,5,huma,humalo,humobi,l,humobi,гьума,гьумало,гьумоби,гьумоби,л
378,БРЕВНО,4,ƛ'erč'o,ƛ'erč'u,ƛ'erč'ebi,l,ƛ'erč'ebi,кьерчІо,кьерчІу,кьерчІеби,кьерчІеби,л
380,ДОСКА,4,χ:in,χ:inl,χ:immu,l,χ:immu,ххин,ххинл,ххимму,ххимму,л
381,КРЫША (земляная),5,lom,lom,lomadu,l,lomadu,лом,лом,ломаду,ломаду,л
382,ПЛИТА КАМЕННАЯ ДЛЯ УКРЕПЛЕНИЯ КРАЕВ КРЫШИ,5,hinc'o,hinc'o,hinc'obi,l,hinc'obi,гьинцІо,гьинцІо,гьинцІоби,гьинцІоби,л
383,ПОТОЛОК,5,moq'ol,moq'ol,,,,мокъол,мокъол,,,
384,ОЧАГ,5,aqi,aqilo,,,,ахъи,ахъило,,,
385,ПЕЧЬ ГЛИНЯНАЯ ДЛЯ ХЛЕБА,3,kurki,kurkilo,kurki,l,kurkili,курки,куркило,курки,куркили,л
386,ДВЕРЬ,4,hinc':u,hinc':u,hinc':obi,l,hinc':obi,гьинцІцІу,гьинцІцІу,гьинцІцІоби,гьинцІцІоби,л
388,КЛЮЧ,5,rek'ul,rek'ul,rek'ulo,l,rek'ulo,рекІул,рекІул,рекІуло,рекІуло,л
389,ЛЕСТНИЦА КАМЕННАЯ,5,barkᵂ'ol,barkᵂ'ol,barkᵂ'olo,l,barkᵂ'olo,баркІвол,баркІвол,баркІволо,баркІволо,л
390,МЕЛЬНИЦА,4,iχwob,iχwodo,iχwodu,l,iχwodu,ихвоб,ихводо,ихводу,ихводу,л
391,ЖЕЛОБ (для зерна (на мельнице)),5,k:ula,k:ulalo,k:ulibo,l,k:ulibo,ккула,ккулало,ккулибо,ккулибо,л
391,ЖЕЛОБ (для воды (на мельнице)),5,ink:ub,ink:ub,ink:ubo,l,ink:ubo,инккуб,инккуб,инккубо,инккубо,л
392,ХЛЕВ,5,beƛ'i,beƛ'ilo,beƛ'adu,l,beƛ'adu,бекьи,бекьило,бекьаду,бекьаду,л
394,"СЕНОВАЛ, САРАЙ",5,beƛ'i,beƛ'ilo,beƛ'adu,l,beƛ'adu,бекьи,бекьило,бекьаду,бекьаду,л
395,ПОЛЕ (участок для земледелия),4,χur,χur,χurdu,l,χurdu,хур,хур,хурду,хурду,л
395,ПОЛЕ (участок для земледелия),5,misa,misalo,misa,l,misali,миса,мисало,миса,мисали,л
396,БОРОЗДА,5,roqi,roqillo,roqibo,l,roqibo,рохъи,рохъилло,рохъибо,рохъибо,л
396,БОРОЗДА (межа),5,dazu,dazulo,dazobi,l,dazobi,дазу,дазуло,дазоби,дазоби,л
396,БОРОЗДА (межа),5,dazu,dazulo,dazodu,l,dazodu,дазу,дазуло,дазоду,дазоду,л
396,БОРОЗДА (межа),5,dazu,dazuo,dazobi,l,dazobi,дазу,дазуо,дазоби,дазоби,л
396,БОРОЗДА (межа),5,dazu,dazuo,dazodu,l,dazodu,дазу,дазуо,дазоду,дазоду,л
397,ГУМНО,4,hinc':u,hinc':ulo,hinc':odu,l,hinc':odu,гьинцІцІу,гьинцІцІуло,гьинцІцІоду,гьинцІцІоду,л
397,ГУМНО,4,hinc':u,hinc':ulo,hinc':obi,l,hinc':obi,гьинцІцІу,гьинцІцІуло,гьинцІцІоби,гьинцІцІоби,л
398,СНОП,5,kᵂol,kᵂoll,kᵂoll,ul,kᵂoll,квол,кволл,кволл,кволл,ул
398,СНОП (связка снопов в поле),5,ɢasdo,ɢasdi,ɢasdibo,l,ɢasdibo,къгасдо,къгасди,къгасдибо,къгасдибо,л
399,СТОГ (большой),5,χwolo,χwololo,χwolo,l,χwololi,хволо,хвололо,хволо,хвололи,л
399,"СТОГ (маленький, копна)",5,ʁun,ʁun,ʁunadu,l,ʁunadu,гъун,гъун,гъунаду,гъунаду,л
399,"СТОГ (маленький, копна)",5,ʁun,ʁun,ʁunadu,l,ʁunadu,гъун,гъун,гъунаду,гъунаду,л
400,ДОРОГА,5,miq'i,miq'i,miq'adu,l,miq'adu,микъи,микъи,микъаду,микъаду,л
401,МОСТ,4,ƛ'iru,ƛ'irdo,ƛ'irdobi,l,ƛ'irdobi,кьиру,кьирдо,кьирдоби,кьирдоби,л
404,МОГИЛЬНЫЙ КАМЕНЬ,5,q'unu,q'unuo,q'unibo,l,q'unibo,къуну,къунуо,къунибо,къунибо,л
405,"ГОРА, ГОРНОЕ ПАСТБИЩЕ",5,bil,bil,biladu,l,biladu,бил,бил,биладу,биладу,л
405,"ГОРА, ГОРНОЕ ПАСТБИЩЕ (вершина)",5,lel,lel,leladu,l,leladu,лел,лел,леладу,леладу,л
406,СКЛОН СОЛНЕЧНЫЙ,5,miɬijol,miɬijol,miɬijolo,l,miɬijolo,милъийол,милъийол,милъийоло,милъийоло,л
407,СКЛОН ТЕНЕВОЙ,5,bič:in,bič:in,bič:imo,l,bič:imo,биччин,биччин,биччимо,биччимо,л
408,"ХОЛМ, КУЧА",5,ʁun,ʁun,ʁunadu,l,ʁunadu,гъун,гъун,гъунаду,гъунаду,л
408,"ХОЛМ, КУЧА",5,ʁun,ʁun,ʁunadu,l,ʁunadu,гъун,гъун,гъунаду,гъунаду,л
409,"СКАЛА, СКАЛИСТЫЙ СКЛОН",5,ƛ'uri,ƛ'uri,ƛ'uribo,l,ƛ'uribo,кьури,кьури,кьурибо,кьурибо,л
411,ЯМА,5,dungil,dungil,dungilo,l,dungilo,дунгил,дунгил,дунгило,дунгило,л
412,РЕКА,4,ɬ:ens:o,ɬ:ens:o,ɬ:ens:odu,l,ɬ:ens:odu,лълъенссо,лълъенссо,лълъенссоду,лълъенссоду,л
413,"РУЧЕЙ, РАСПАДОК",5,ʁador,ʁador,ʁadordu,l,ʁadordu,гъадор,гъадор,гъадорду,гъадорду,л
414,"СТОЯЧАЯ ВОДА (пруд, лужа)",5,ihur,ihur,ihurdu,l,ihurdu,игьур,игьур,игьурду,игьурду,л
414,СТОЯЧАЯ ВОДА (озеро),4,reɬo,reɬo,reɬodu,l,reɬodu,релъо,релъо,релъоду,релъоду,л
415,МОРЕ,4,reɬo,reɬo,reɬodu,l,reɬodu,релъо,релъо,релъоду,релъоду,л
416,ТОПКОЕ МЕСТО,5,ɬenc':u,ɬenc':o,ɬenc':odu,l,ɬenc':odu,лъенцІцІу,лъенцІцІо,лъенцІцІоду,лъенцІцІоду,л
417,РОДНИК,5,inc:i,inc:ilo,inc:i,l,inc:ili,инцци,инццило,инцци,инццили,л
418,НЕБО,4,rešin,rešin,,,,решин,решин,,,
419,СОЛНЦЕ,5,miɬi,miɬilo,,,,милъи,милъило,,,
420,"ЛУНА, МЕСЯЦ",5,borc':i,borc':ilo,borc':adu,l,borc':adu,борцІцІи,борцІцІило,борцІцІаду,борцІцІаду,л
421,ЗВЕЗДА,5,c':a,c':alo,c':ali,l,c':alili,цІцІа,цІцІало,цІцІали,цІцІалили,л
422,"ЗЕМЛЯ, ПОЧВА",4,onš:i,onš:i,,,,онщи,онщи,,,
423,ПЕСОК,4,sur,sur,,,,сур,сур,,,
424,"ЩЕБЕНЬ, КАМЕННЫЕ ОСКОЛКИ",4,č'ič'om,č'ič'om,,,,чІичІом,чІичІом,,,
425,ПЫЛЬ,5,ƛ'eχwa,ƛ'eχwa,ƛ'eχwa,l,ƛ'eχwali,кьехва,кьехва,кьехва,кьехвали,л
426,"ГРЯЗЬ (на одежде, на теле)",5,ʁuzi,ʁuzi,ʁuzi,l,ʁuzili,гъузи,гъузи,гъузи,гъузили,л
427,"ЗЕМЛЯ, РАЗМЯКШАЯ ОТ ДОЖДЯ, ЗЕМЛЯНОЙ РАСТВОР",5,č'abχi,č'abχi,č'abχi,l,č'abχili,чІабхи,чІабхи,чІабхи,чІабхили,л
427,"ЗЕМЛЯ, РАЗМЯКШАЯ ОТ ДОЖДЯ, ЗЕМЛЯНОЙ РАСТВОР",5,c':erti,c':erti,c':erti,l,c':ertili,цІцІерти,цІцІерти,цІцІерти,цІцІертили,л
428,КАМЕНЬ,5,hinc'o,hinc'o,hinc'obi,l,hinc'obi,гьинцІо,гьинцІо,гьинцІоби,гьинцІоби,л
429,КАМЕШЕК,4,č'ič'om,č'ič'om,č'ič'omi,l,č'ič'omi,чІичІом,чІичІом,чІичІоми,чІичІоми,л
430,ВОДА,4,ɬ:en,ɬ:en,ɬ:enadu,l,ɬ:enadu,лълъен,лълъен,лълъенаду,лълъенаду,л
431,КАПЛЯ (стекающая),5,ink:ul,ink:ul,ink:ulo,l,ink:ulo,инккул,инккул,инккуло,инккуло,л
431,"КАПЛЯ (""точка"" воды)",4,t'onk'il,t'onk'il,t'onk'ilo,l,t'onk'ilo,тІонкІил,тІонкІил,тІонкІило,тІонкІило,л
432,РОСА,5,š:ib,š:ib,,,,щиб,щиб,,,
433,ДОЖДЬ,4,c':a,c':a,c':a,lil,c':alili,цІцІа,цІцІа,цІцІа,цІцІалили,лил
434,СНЕГ,4,anži,anži,anži,l,anžili,анжи,анжи,анжи,анжили,л
435,ИНЕЙ,5,c':iq'u,c':iq'uo,,,,цІцІикъу,цІцІикъуо,,,
436,ЛЕД,5,zar,zar,zardu,l,zardu,зар,зар,зарду,зарду,л
437,ОБЛАКО,4,lerčol,lerčol,lerčolo,l,lerčolo,лерчол,лерчол,лерчоло,лерчоло,л
437,ОБЛАКО (туман),4,hiro,hiroo,hirodu,l,hirodu,гьиро,гьироо,гьироду,гьироду,л
438,"ПЕНА, ПУЗЫРИ НА ВОДЕ",5,pol,poll,,,,пол,полл,,,
440,ОГОНЬ,4,c'a,c'a,c'a,lil,c'alili,цІа,цІа,цІа,цІалили,лил
442,ДЫМ,5,k'ᵂ:oj,k'ᵂ:oj,,,,кІкІвой,кІкІвой,,,
443,ЗОЛА,4,ƛ'e,ƛ'e,ƛ'e,lil,ƛ'e,кье,кье,кье,кье,лил
445,ТЕНЬ,5,anč:u,anč:uo,anč:odu,l,anč:odu,анччу,анччуо,анччоду,анччоду,л
446,ВЕТЕР,5,moči,moči,,,,мочи,мочи,,,
447,ГОД,4,rešin,rešin,rešimo,l,rešimo,решин,решин,решимо,решимо,л
452,ДЕНЬ,4,zubu,zubulo,zubodu,l,zubodu,зубу,зубуло,зубоду,зубоду,л
455,ИМЯ,4,c':er,c':er,c':erdu,l,c':erdu,цІцІер,цІцІер,цІцІерду,цІцІерду,л
456,"РЕЧЬ, СЛОВО",5,rošo,rošu,rošo,l,rošoli,рошо,рошу,рошо,рошоли,л
457,МОЛИТВА,4,k:uba,k:ubalo,k:ubo,l,k:ubo,ккуба,ккубало,ккубо,ккубо,л
458,ПЕСНЯ,4,keč'i,keč'o,keč',il,keč'ili,кечІи,кечІо,кечІ,кечІили,ил
459,СКАЗКА,5,muχa,muχa,muχa,l,muχali,муха,муха,муха,мухали,л
460,ГОЛОС (звук),4,ɬoč':u,ɬoč':u,ɬoč':odu,l,ɬoč':odu,лъочІчІу,лъочІчІу,лъочІчІоду,лъочІчІоду,л
460,ГОЛОС (звук),4,ɬoč':u,ɬoč':ulo,ɬoč':odu,l,ɬoč':odu,лъочІчІу,лъочІчІуло,лъочІчІоду,лъочІчІоду,л
461,КЛЯТВА,4,nokᵂo,nokᵂo,nokᵂo,l,nokᵂoli,нокво,нокво,нокво,нокволи,л
462,КОЛЛЕКТИВНАЯ РАБОТА,5,gᵂaj,gᵂaj,gᵂaj,il,gᵂajili,гвай,гвай,гвай,гвайили,ил
463,СВАДЬБА,5,nusqᵂor,nusqᵂor,nusqᵂordu,l,nusqᵂordu,нусхъвор,нусхъвор,нусхъворду,нусхъворду,л
464,ТАНЕЦ,4,ƛ'ibdil,ƛ'ibdil,,,,кьибдил,кьибдил,,,
465,СНОВИДЕНИЕ,4,moƛ'i,moƛ'i,moƛ'adu,l,moƛ'adu,мокьи,мокьи,мокьаду,мокьаду,л
466,ДЫРА,5,k'ol,k'olo,k'olibo,l,k'olibo,кІол,кІоло,кІолибо,кІолибо,л
467,КРАЙ,5,rahal,rahal,rahalo,l,rahalo,рагьал,рагьал,рагьало,рагьало,л
468,"КОНЕЦ, ОСТРИЕ",5,lel,lel,leladu,l,leladu,лел,лел,леладу,леладу,л
469,ДНО,4,hilmu,hilmu,hilmobi,l,hilmobi,гьилму,гьилму,гьилмоби,гьилмоби,л
469,ДНО,4,hilmu,hilmu,hilmodu,l,hilmodu,гьилму,гьилму,гьилмоду,гьилмоду,л
470,"ВЕЩЬ, ПРЕДМЕТ",5,dan,danl,dano,l,dano,дан,данл,дано,дано,л
470,"ВЕЩЬ, ПРЕДМЕТ",5,dan,dan,dano,l,dano,дан,дан,дано,дано,л
471,МЕСТО,5,misa,misalo,misa,l,misali,миса,мисало,миса,мисали,л
472,ПОСТЕЛЬ (место ДЛЯ спанья),5,bešon,bešon,bešomi,l,bešomi,бешон,бешон,бешоми,бешоми,л
473,ДЕТЕНЫШ,3,boši,bošilo,boš,ul,bošuli,боши,бошило,бош,бошули,ул
474,САМЕЦ,1,kunt'a,kunt'u,kunt'obi,l,kunt'obi,кунтІа,кунтІу,кунтІоби,кунтІоби,л
475,САМКА,2,horč':i,horč':u,horč':obi,l,horč':obi,гьорчІчІи,гьорчІчІу,гьорчІчІоби,гьорчІчІоби,л
