,id,word,roles,andi_roles,aorist,infinitive,imperative,aorist_cyr,infinitive_cyr,imperative_cyr,stem_type,class,ablaut
0,3,"ОКАЗЫВАТЬСЯ, ПОПАДАТЬ",<кто:ном; где:лок>,,kᵂ'o,k'udu,kᵂ'ob,кІво,кІуду,кІвоб,o,1,1
1,4,ОСТАВАТЬСЯ,<кто:ном>,,ek:u,ok:udu,ok:ub,екку,оккуду,оккуб,o,1,0
2,5,ОСТАВЛЯТЬ,<кто:эрг; что:ном>,,eta,od:u,oto,ета,одду,ото,o,1,0
3,6,"ТЕРЯТЬСЯ, ИСЧЕЗАТЬ",<что:ном>,,t'u,t'udu,t'ub,тІу,тІуду,тІуб,o,1,1
4,8,ПРЯТАТЬСЯ,<кто:ном>,,eq'aš:i,oq'aš:du,oq'aš:ib,екъащи,окъащду,окъащиб,o,1,0
5,9,ПРЯТАТЬ,<кто:эрг; что:ном>,,eq'aš:i,oq'aš:du,eq'aš:o,екъащи,окъащду,екъащо,o,1,0
6,10,ИСКАТЬ,<кто:эрг; что:ном>,,kusdi,kusdu,kusdo,кусди,кусду,кусдо,o,0,0
7,11,НАХОДИТЬ (случайно),<кто:дат; что:ном>,<афф; ном>,son,sonnu,som,сон,сонну,сом,n,1,1
8,12,ДАВАТЬ,<кто:эрг; что:ном; кому:дат>,,ič:i,ič:idu,ič:o,иччи,иччиду,иччо,o,0,0
9,13,ПРОДАВАТЬ,<кто:эрг; что:ном>,,aXoɬi,aXollu,aXoɬo,ахолъи,ахоллу,ахолъо,o,1,0
10,14,БРАТЬ,<кто:эрг; что:ном>,,Xi,Xidu,Xo,хи,хиду,хо,o,1,1
11,15,ПОКУПАТЬ,<кто:эрг; что:ном>,,Xi,Xidu,Xo,хи,хиду,хо,o,1,1
12,16,"ОТНИМАТЬ, ОТБИРАТЬ",<кто:эрг; что:ном>,,lon,linnu,lom,лон,линну,лом,n,1,1
13,17,ВЫБИРАТЬ,<кто:эрг; что:ном>,,oč'a,oc'idu,oč'o,очІа,оцІиду,очІо,o,1,0
14,18,МЕНЯТЬ,<кто:эрг; что:ном>,<что:ном>,eršo,eršidu,eršob,ершо,ершиду,ершоб,o,1,0
15,19,"ЛОВИТЬ, ХВАТАТЬ, ДЕРЖАТЬ",<кто:эрг; кого:ном>,,č:i,č:idu,č:o,ччи,ччиду,ччо,o,1,1
16,20,ПРОИГРЫВАТЬ,<кто:ном; кому:лок>,,Ran,Rinnu,Ram,гъан,гъинну,гъам,n,1,1
17,21,ВЫИГРЫВАТЬ,<кто:эрг; у кого:ном>,<ном; лок>,ša,šidu/L,šab,ша,шидулІ,шаб,o,1,1
18,22,ИДТИ,<кто:ном>,,lon,linnu,lom,лон,линну,лом,n,1,1
19,23,УХОДИТЬ,<кто:ном>,,lon,linnu,lom,лон,линну,лом,n,1,1
20,24,ПРИХОДИТЬ,<кто:ном>,,Gᵂo,Gidu,Gᵂob,къгво,къгиду,къгвоб,o,1,1
21,25,"ДОЙТИ, ДОСТИЧЬ",<кто:ном>,,eqo,eqidu,oqob,ехъо,ехъиду,охъоб,o,1,0
22,26,ВХОДИТЬ,<кто:ном>,,kabdi,kabdu,kabdib,кабди,кабду,кабдиб,o,0,0
23,28,СОБИРАТЬСЯ,<кто:ном>,,ak'arunni,ak'arunnu,ak'arunnib,акІарунни,акІарунну,акІарунниб,di,1,0
24,29,СОБИРАТЬ,<кто:эрг; что:ном>,,ak'arunni,ak'arunnu,ak'arunno,акІарунни,акІарунну,акІарунно,di,1,0
25,30,"ПУСКАТЬ, ОТПУСКАТЬ",<кто:эрг; кого:ном>,,elta,eld:u,elto,елта,елдду,елто,o,0,0
26,31,ГНАТЬ,<кто:эрг; кого:ном>,,q'i,q'idu,qᵂ'o,къи,къиду,къво,o,1,1
27,32,БЕЖАТЬ,<кто:ном>,,helli,hellu,hellib,гьелли,гьеллу,гьеллиб,di,0,0
28,33,УБЕГАТЬ,<кто:ном>,,č:'in,č:'innu,č:'im,чІчІин,чІчІинну,чІчІим,n,1,1
29,34,ПРЫГАТЬ,<кто:ном>,,ɬibdi,ɬibdu,ɬibdib,лъибди,лъибду,лъибдиб,o,0,0
30,35,ЛЕТЕТЬ,<кто:ном>,,burdi,burdu,burdib,бурди,бурду,бурдиб,o,0,0
31,36,КРУЖИТЬСЯ,<кто:ном>,,s:ordi,s:ordu,s:ordib,ссорди,ссорду,ссордиб,o,0,0
32,39,СКОЛЬЗИТЬ,<кто:ном>,,Rurdi,Rurdu,Rurdib,гъурди,гъурду,гъурдиб,o,0,0
33,39,СКОЛЬЗИТЬ,<кто:ном>,,č:'ardi,č:'ardu,č:'ardib,чІчІарди,чІчІарду,чІчІардиб,o,0,0
34,40,ВСТАВАТЬ,<кто:ном>,,hirc'i,hirc'idu,hirc'ib,гьирцІи,гьирцІиду,гьирцІиб,o,0,0
35,40,ВСТАВАТЬ,<кто:ном>,,č:'i,č:'idu,č:'ib,чІчІи,чІчІиду,чІчІиб,o,1,1
36,40,ВСТАВАТЬ,<кто:ном>,,č:'i,č:'idu,č:'ib,чІчІи,чІчІиду,чІчІиб,o,1,1
37,42,"ОСТАНАВЛИВАТЬСЯ, СТОЯТЬ",<кто:ном>,,Ri,Ridu,Rib,гъи,гъиду,гъиб,o,1,1
38,45,ЛОЖИТЬСЯ,<кто:ном>,,girdi,girdu,girdib,гирди,гирду,гирдиб,o,0,0
39,50,ГНИТЬ,<что:ном>,,turdi,turdu,turdib,турди,турду,турдиб,o,0,0
40,50,ГНИТЬ,<что:ном>,,šanaXu,šanaXudu,šanaXub,шанаху,шанахуду,шанахуб,o,0,0
41,51,ВЯНУТЬ,<что:ном>,,eč'anni,eč'annu,eč'annib,ечІанни,ечІанну,ечІанниб,di,1,0
42,51,ВЯНУТЬ (портиться),<что:ном>,,č'o,č'idu,č'ob,чІо,чІиду,чІоб,o,1,1
43,52,БРОДИТЬ (о тесте),<что:ном>,,purXunni,purXunnu,purXunnib,пурхунни,пурхунну,пурхунниб,di,0,0
44,53,СВЕРТЫВАТЬСЯ (~ прокисать),<что:ном>,,etito,etitidu,etitob,етито,етитиду,етитоб,o,1,0
45,54,ТАЯТЬ,<что:ном>,,?un,?unnu,?um,ъун,ъунну,ъум,n,1,1
46,56,ГОРЕТЬ,<что:ном>,,c'ato,c'atidu,c'atob,цІато,цІатиду,цІатоб,o,0,0
47,57,ЖЕЧЬ,<кто:эрг; что:ном>,,c'ato,c'atidu,c'ato,цІато,цІатиду,цІато,o,0,0
48,58,ЗАГОРАТЬСЯ,<что:ном>,,kᵂo,kudu,kᵂob,кво,куду,квоб,o,1,1
49,60,"ГАСНУТЬ, ПОТУХНУТЬ",<что:ном>,,č'ant'u,č'ant'udu,č'ant'ub,чІантІу,чІантІуду,чІантІуб,o,0,0
50,62,ОСТЫВАТЬ,<что:ном>,,halto,haltidu,haltob,гьалто,гьалтиду,гьалтоб,o,0,0
51,63,БОЛЕТЬ,<что:ном>,,ruq'u,ruq'udu,ruq'ub,рукъу,рукъуду,рукъуб,o,0,0
52,64,ОПУХАТЬ,<что:ном>,,a=aXo,a=aXidu,a=aXob,а=ахо,а=ахиду,а=ахоб,o,infix,0
53,66,ЧЕСАТЬ,<кто:эрг; что:ном>,,qelli,qellu,qello,хъелли,хъеллу,хъелло,di,0,0
54,67,СЫПАТЬСЯ (рассыпаться),,,čabdi,čabdu,čabdib,чабди,чабду,чабдиб,o,0,0
55,69,КАПАТЬ,<что:ном>,,t'onk'unni,t'onk'unnu,t'onk'unnib,тІонкІунни,тІонкІунну,тІонкІунниб,di,0,0
56,70,НАПОЛНЯТЬСЯ,<что:ном>,,c'i,c'idu,c'ib,цІи,цІиду,цІиб,o,1,1
57,72,УДАРЯТЬ,<кто:эрг; кого:дат>,<эрг;лок>,ǯ:abi,ǯ:abu,ǯ:abo,джджаби,джджабу,джджабо,o,0,0
58,72,УДАРЯТЬ,<кто:эрг; кого:дат>,<эрг;лок>,kᵂ:'abdi,kᵂ:'abdu,kᵂ:'abdo,кІкІвабди,кІкІвабду,кІкІвабдо,o,0,0
59,73,БИТЬ,<кто:эрг; кого:ном>,,č'inni,č'innu,č'inno,чІинни,чІинну,чІинно,di,0,0
60,74,ЛОМАТЬСЯ (раскалываться),<что:ном>,,Gardi,Gardu,Gardib,къгарди,къгарду,къгардиб,o,0,0
61,74,ЛОМАТЬСЯ,<что:ном>,,qin,qinnu,qim,хъин,хъинну,хъим,n,1,1
62,76,РЕЗАТЬ,<кто:эрг; что:ном>,,q'i,q'idu,qᵂ'o,къи,къиду,къво,o,1,1
63,77,"КРОШИТЬ, РЕЗАТЬ НА КУСКИ",<кто:эрг; что:ном>,,aq'aq'i,aq'aq'idu,aq'aq'o,акъакъи,акъакъиду,акъакъо,o,1,0
64,78,ПИЛИТЬ,<кто:эрг; что:ном>,,quqanni,quqannu,quqanno,хъухъанни,хъухъанну,хъухъанно,di,0,0
65,79,ЛОПНУТЬ,<что:ном>,,L'ahunni,L'ahunnu,L'ahunnib,кьагьунни,кьагьунну,кьагьунниб,di,0,0
66,79,ЛОПНУТЬ,<что:ном>,,L'at'unni,L'at'unnu,L'at'unnib,кьатІунни,кьатІунну,кьатІунниб,di,0,0
67,80,РВАТЬСЯ (на части),<что:ном>,,tanni,tannu,tannib,танни,танну,танниб,di,0,0
68,80,РВАТЬСЯ (частично),<что:ном>,,qabdi,qabdu,qabdib,хъабди,хъабду,хъабдиб,o,0,0
69,85,ТЕРЕТЬ,<кто:эрг; что:ном>,,č:'anni,č:'annu,č:'anno,чІчІанни,чІчІанну,чІчІанно,di,0,0
70,86,ЦАРАПАТЬ,<кто:эрг; что:ном>,<эрг; лок>,qelli,qellu,qello,хъелли,хъеллу,хъелло,di,0,0
71,87,"ДАВИТЬ, ЖАТЬ, СЖИМАТЬ (выжимать)",<кто:эрг; что:ном>,,c:'urdi,c:'urdu,c:'urdo,цІцІурди,цІцІурду,цІцІурдо,o,0,0
72,88,ГНУТЬСЯ,<что:ном>,,gelli,gellu,gellib,гелли,геллу,геллиб,di,0,0
73,88,ГНУТЬСЯ,<что:ном>,,q'ulunni,q'ulunnu,q'ulunnib,къулунни,къулунну,къулунниб,di,0,0
74,88,ГНУТЬСЯ,<что:ном>,,č'ilok'urɬi,č'ilok'urɬidu,č'ilok'urɬib,чІилокІурлъи,чІилокІурлъиду,чІилокІурлъиб,o,0,0
75,88,ГНУТЬСЯ,<что:ном>,,č:'urdi,č:'urdu,č:'urdib,чІчІурди,чІчІурду,чІчІурдиб,o,0,0
76,90,"ТРОГАТЬ, КАСАТЬСЯ",<кто:эрг; чем:ном; что/чего:лок>,<эрг; инст; ном>,Gᵂobdi,Gᵂobdu,Gᵂobdo,къгвобди,къгвобду,къгвобдо,o,0,0
77,91,ТОЛКАТЬ,<кто:эрг; что:ном>,,Gummi,Gummu,Gummo,къгумми,къгумму,къгуммо,di,0,0
78,92,ТЯНУТЬ,<кто:эрг; что:ном>,,L'anni,L'annu,L'anno,кьанни,кьанну,кьанно,di,0,0
79,93,"ТАЩИТЬ, ВОЛОЧИТЬ",<кто:эрг; что:ном>,,qurdi,qurdu,qurdo,хъурди,хъурду,хъурдо,o,0,0
80,93,"ТАЩИТЬ, ВОЛОЧИТЬ",<кто:эрг; что:ном>,,š:i,š:du,š:o,щи,щду,що,o,1,1
81,94,НЕСТИ (брать с собой),<кто:эрг; что:ном>,,ač:unni,ač:unnu,ač:unno,аччунни,аччунну,аччунно,di,1,0
82,94,"НЕСТИ (нести, уносить)",<кто:эрг; что:ном>,,Xi,Xidu,Xo,хи,хиду,хо,o,1,1
83,94,НЕСТИ (приносить),<кто:эрг; что:ном>,,qo,qidu,qo,хъо,хъиду,хъо,o,1,1
84,95,"БРОСАТЬ, КИДАТЬ",<кто:эрг; что:ном; во что:лок>,,šammi,šammu,šammo,шамми,шамму,шаммо,di,0,0
85,96,СТРЕЛЯТЬ,<кто:эрг; в кого:лок; из чего:ном>,<эрг; ном; лок>,bilan,bilinnu,bilon,билан,билинну,билон,n,0,0
86,97,"КАЧАТЬСЯ, ШЕВЕЛИТЬСЯ",<что:ном>,,GiGabšo,GiGabšdu,GiGabšob,къгикъгабшо,къгикъгабшду,къгикъгабшоб,o,0,0
87,98,КАЧАТЬ,<кто:эрг; что:ном>,,GiGabšo,GiGabšdu,GiGabšo,къгикъгабшо,къгикъгабшду,къгикъгабшо,o,0,0
88,99,МАХАТЬ,<кто:эрг; чем:ном>,,xᵂ:ahešo,xᵂ:ahešdu,xᵂ:ahešo,хьхьвагьешо,хьхьвагьешду,хьхьвагьешо,o,0,0
89,100,ОТКРЫВАТЬСЯ,<что:ном>,,arXon,arXinnu,arXom,архон,архинну,архом,n,0,0
90,101,ОТКРЫВАТЬ,<кто:эрг; что:ном>,,arXon,arXinnu,arXon,архон,архинну,архон,n,0,0
91,102,ОТПИРАТЬ,<кто:эрг; что:ном>,,arXon,arXinnu,arXom,архон,архинну,архом,n,0,0
92,103,ЗАКРЫВАТЬСЯ,<что:ном>,,joq'an,joq'innu,joq'om,йокъан,йокъинну,йокъом,n,0,0
93,104,ЗАКРЫВАТЬ,<кто:эрг; что:ном>,,joq'an,joq'innu,joq'on,йокъан,йокъинну,йокъон,n,0,0
94,105,ЗАПИРАТЬ,<кто:эрг; чем:ном>,,daš:i,daš:du,daš:o,дащи,дащду,дащо,o,0,0
95,106,МАЗАТЬ,<кто:эрг; чем:ном; на что:лок>,,ušo,ušidu,ušo,ушо,ушиду,ушо,o,1,0
96,107,ПРИВЯЗЫВАТЬ,<кто:эрг; что:ном; к чему:лок>,,ošan,ošinnu,ošon,ошан,ошинну,ошон,n,1,0
97,108,СВЯЗЫВАТЬ,<кто:эрг; что:ном>,,ošan,ošinnu,ošon,ошан,ошинну,ошон,n,1,0
98,109,ОТВЯЗЫВАТЬ,<кто:эрг; что:ном>,,ajčo,ajčidu,ajčo,айчо,айчиду,айчо,o,1,0
99,110,ПРИЛИПАТЬ,<что:ном>,,ac'i,ac'idu,ac'ib,ацІи,ацІиду,ацІиб,o,1,0
100,113,СМЕШИВАТЬ,<кто:эрг; что:ном (c чем:лок)>,,eRerRoɬi,eRerRollu,eRerRoɬo,егъергъолъи,егъергъоллу,егъергъолъо,o,1,0
101,114,РАБОТАТЬ,<кто:ном>,,halt'unni,halt'unnu,halt'unnib,гьалтІунни,гьалтІунну,гьалтІунниб,di,0,0
102,115,ДЕЛАТЬ,<кто:эрг; что:ном>,,ihi,idu,iho,игьи,иду,игьо,o,0,0
103,115,ДЕЛАТЬ,<кто:эрг; что:ном>,,i,idu,iho,и,иду,игьо,o,0,0
104,116,КОПАТЬ,<кто:эрг; что:ном>,,Xᵂardi,Xᵂardu,Xᵂardo,хварди,хварду,хвардо,o,0,0
105,117,ПАХАТЬ,<кто:эрг; что:ном>,,eL'i,eL'idu,eL'o,екьи,екьиду,екьо,o,1,0
106,118,СЕЯТЬ,<кто:эрг; что:ном>,,eL'i,eL'idu,eL'o,екьи,екьиду,екьо,o,1,0
107,119,ДОИТЬ,<кто:эрг; кого:ном>,,erč:'i,erč:'idu,erč:'o,ерчІчІи,ерчІчІиду,ерчІчІо,o,1,0
108,120,КОСИТЬ,<кто:эрг; что:ном>,,X:anni,X:annu,X:anno,хханни,хханну,хханно,di,0,0
109,121,ЖАТЬ,<кто:эрг; что:ном>,,okᵂo,okudu,okᵂo,окво,окуду,окво,o,1,0
110,124,ПРОСЕИВАТЬ,<кто:эрг; что:ном>,,kudi,kudu,kudo,куди,куду,кудо,o,0,0
111,125,МОЛОТЬ,<кто:эрг; что:ном>,,iXᵂoqi,iXᵂoqidu,iXᵂoqo,ихвохъи,ихвохъиду,ихвохъо,o,0,0
112,127,ТКАТЬ,<кто:эрг; что:ном>,,eš:i,eš:du,eš:o,ещи,ещду,ещо,o,1,0
113,128,ШИТЬ,<кто:эрг; что:ном>,,aXon,aXinnu,aXon,ахон,ахинну,ахон,n,1,0
114,129,КРОИТЬ,<кто:эрг; что:ном>,,q'i,q'idu,qᵂ'o,къи,къиду,къво,o,1,1
115,130,КИПЕТЬ,<что:ном>,,oXᵂ:on,oXᵂ:unnu,oXᵂ:om,оххвон,оххвунну,оххвом,n,0,0
116,131,ВАРИТЬСЯ,<что:ном>,,ɬon,ɬinnu,ɬon,лъон,лъинну,лъон,n,1,1
117,133,ВАРИТЬ,<кто:эрг; что:ном>,,ɬon,ɬinnu,ɬon,лъон,лъинну,лъон,n,1,1
118,134,ПЕЧЬ,<кто:эрг; что:ном>,,eža,ežidu,ežo,ежа,ежиду,ежо,o,1,0
119,135,ЖАРИТЬ (ЗЕРНО),<кто:эрг; что:ном>,,eš:i,eš:du,eš:o,ещи,ещду,ещо,o,1,0
120,136,МЕРИТЬ,<кто:эрг; что:ном>,,ason,asinnu,ason,асон,асинну,асон,n,1,0
121,137,МЕСИТЬ,<кто:эрг; что:ном>,,kᵂ:'ardi,kᵂ:'ardu,kᵂ:'ardo,кІкІварди,кІкІварду,кІкІвардо,o,0,0
122,138,ПОДМЕТАТЬ,<кто:эрг; что:ном>,,Lardi,Lardu,Lardo,лІарди,лІарду,лІардо,o,0,0
123,139,СТИРАТЬ,<кто:эрг; что:ном>,,a=čo,a=čidu,a=čo,а=чо,а=чиду,а=чо,o,infix,0
124,140,ПРИЧЕСЫВАТЬ,<кто:эрг; что:ном>,,oXᵂo,oXudu,oXᵂo,охво,охуду,охво,o,1,0
125,141,СТРИЧЬ,<кто:эрг; кого:ном>,,q'irdi,q'irdu,q'irdo,къирди,къирду,къирдо,o,0,0
126,142,БРИТЬ,<кто:эрг; что:ном>,,X:anni,X:annu,X:anno,хханни,хханну,хханно,di,0,0
127,143,НАДЕВАТЬ ПЛАТЬЕ (одежду выше пояса),<кто:эрг; что:ном>,,ola,olidu,olo,ола,олиду,оло,o,1,0
128,144,"НАДЕВАТЬ ШТАНЫ (одежду ниже пояса), ОБУВАТЬ",<кто:эрг; что:ном>,,riL'in,riL'innu,riL'on,рикьин,рикьинну,рикьон,n,0,0
129,145,НАДЕВАТЬ ШАПКУ (головной Убор),<кто:эрг; что:ном>,,kᵂ'oɬi,kᵂ'ollu,kᵂ'oɬo,кІволъи,кІволлу,кІволъо,o,1,1
130,149,СВЕЖЕВАТЬ,<кто:эрг; что:ном>,,ruqi,ruqidu,ruqᵂo,рухъи,рухъиду,рухъво,o,0,0
131,150,ГОВОРИТЬ,<кто:эрг; что:ном||Предл; кому:дат>,<эрг;ном;лок>,bosan,bosinnu,boson,босан,босинну,босон,n,0,0
132,150,ГОВОРИТЬ,<кто:эрг; что:ном||Предл; кому:дат>,<эрг;ном;лок>,hit'on,hit'onnu,hit'om,гьитІон,гьитІонну,гьитІом,n,0,0
133,151,РАЗГОВАРИВАТЬ,<кто:ном; с кем:лок>,<ном; ном>,et'on,ot'innu,ot'om,етІон,отІинну,отІом,n,1,0
134,153,МЫЧАТЬ,<кто:ном>,,ummedi,ummedu,ummedib,уммеди,уммеду,уммедиб,o,0,0
135,154,БЛЕЯТЬ (о козах),<кто:ном>,,be?edi,be?edu,be?edib,беъеди,беъеду,беъедиб,o,0,0
136,155,БЛЕЯТЬ (об овцах) (о баране),<кто:ном>,,Rardi,Rardu,Rardib,гъарди,гъарду,гъардиб,o,0,0
137,155,БЛЕЯТЬ (об овцах),<кто:ном>,,me?edi,me?edu,me?edib,меъеди,меъеду,меъедиб,o,0,0
138,156,РЖАТЬ,<кто:ном>,,ho:ho:di,ho:ho:du,ho:ho:dib,гьоᵸгьоᵸди,гьоᵸгьоᵸду,гьоᵸгьоᵸдиб,o,0,0
139,157,КРИЧАТЬ (об осле),<кто:ном>,,ho:ʕidi,ho:ʕidu,ho:ʕidib,гьоᵸгІиди,гьоᵸгІиду,гьоᵸгІидиб,o,0,0
140,157,КРИЧАТЬ (об осле),<кто:ном>,,ho:?idi,ho:?idu,ho:?idib,гьоᵸъиди,гьоᵸъиду,гьоᵸъидиб,o,0,0
141,158,МЯУКАТЬ,<кто:ном>,,mijawdi,mijawdu,mijawdib,мийавди,мийавду,мийавдиб,o,0,0
142,159,ЛАЯТЬ,<кто:ном>,,aXo,aXidu,aXob,ахо,ахиду,ахоб,o,1,0
143,160,РЫЧАТЬ,<кто:ном>,,k:'unni,k:'unnu,k:'unnib,кІкІунни,кІкІунну,кІкІунниб,di,0,0
144,161,ВЫТЬ,<кто:ном>,,k:'unni,k:'unnu,k:'unnib,кІкІунни,кІкІунну,кІкІунниб,di,0,0
145,162,КУКАРЕКАТЬ,<кто:ном>,,u:?e:di,u:?e:du,u:?e:dib,уᵸъеᵸди,уᵸъеᵸду,уᵸъеᵸдиб,o,0,0
146,163,ЖУЖЖАТЬ,<кто:ном>,,žunni,žunnu,žunnib,жунни,жунну,жунниб,di,0,0
147,164,ШИПЕТЬ,<кто:ном>,,čiš:unni,čiš:unnu,čiš:unnib,чищунни,чищунну,чищунниб,di,0,0
148,164,ШИПЕТЬ,<кто:ном>,,š:ommi,š:ommu,š:ommo,щомми,щомму,щоммо,di,0,0
149,165,СВИСТЕТЬ,<кто:эрг>,,š:ommi,š:ommu,š:ommo,щомми,щомму,щоммо,di,0,0
150,166,ЗВЕНЕТЬ,<что:ном>,,zarX:unni,zarX:unnu,zarX:unnib,зарххунни,зарххунну,зарххунниб,di,0,0
151,167,СКРИПЕТЬ,<что:ном>,,q'irrunni,q'irrunnu,q'irrunnib,къиррунни,къиррунну,къиррунниб,di,0,0
152,168,ЕСТЬ,<кто:эрг; что:ном>,,ikᵂon,ikunnu,ikᵂom,иквон,икунну,иквом,n,0,0
153,169,ЕСТЬ,<кто:ном>,<эрг>,ikᵂon,ikunnu,ikᵂom,иквон,икунну,иквом,n,0,0
154,171,ПИТЬ (глотками),<кто:эрг; что:ном>,,ɬ:ibdi,ɬ:ibdu,ɬ:ibdo,лълъибди,лълъибду,лълъибдо,o,0,0
155,171,ПИТЬ (залпом),<кто:эрг; что:ном>,,c:'adi,c:'adu,c:'ado,цІцІади,цІцІаду,цІцІадо,o,0,0
156,172,ЖЕВАТЬ,<кто:эрг; что:ном>,,č'ammi,č'ammu,č'ammo,чІамми,чІамму,чІаммо,di,0,0
157,173,ГРЫЗТЬ,<кто:эрг; что:ном>,,qᵂ'ardi,qᵂ'ardu,qᵂ'ardo,къварди,къварду,къвардо,o,0,0
158,174,СОСАТЬ (грудь),<кто:эрг; что:ном>,<кто:ном>,oX:on,oX:innu,oX:on,оххон,оххинну,оххон,n,1,0
159,174,СОСАТЬ (что-либо),<кто:эрг; что:ном>,,c:'unni,c:'unnu,c:'unno,цІцІунни,цІцІунну,цІцІунно,di,0,0
160,175,КУСАТЬ,<кто:эрг; кого:лок>,,q'ammi,q'ammu,q'ammo,къамми,къамму,къаммо,di,0,0
161,176,ЛИЗАТЬ,<кто:эрг; кого:ном>,,lammi,lammu,lammo,ламми,ламму,ламмо,di,0,0
162,177,ЦЕЛОВАТЬ,<кто:эрг; кого:дат>,<эрг; лок>,hobbadi,hobbadu,hobbado,гьоббади,гьоббаду,гьоббадо,o,0,0
163,178,ГЛОТАТЬ,<кто:эрг; что:ном>,,k:'un,k:'unnu,kᵂ:'on,кІкІун,кІкІунну,кІкІвон,n,1,1
164,179,ПЛЕВАТЬ,<кто:эрг; на что:лок>,,tudi,tudu,tudo,туди,туду,тудо,o,0,0
165,180,БЛЕВАТЬ,<кто:ном>,,k'ardi,k'ardu,k'ardib,кІарди,кІарду,кІардиб,o,0,0
166,181,ОТРЫГИВАТЬ,<кто:ном>,,waʕešo,waʕešdu,waʕešob,вагІешо,вагІешду,вагІешоб,o,0,0
167,181,ОТРЫГИВАТЬ,<кто:ном>,,wa?ešo,wa?ešdu,wa?ešob,ваъешо,ваъешду,ваъешоб,o,0,0
168,182,ЧИХАТЬ,<кто:эрг>,<ном>,ebčidi,ebčidu,ebčidib,ебчиди,ебчиду,ебчидиб,o,0,0
169,183,КАШЛЯТЬ,<кто:эрг>,<ном>,uhudi,uhudu,uhudib,угьуди,угьуду,угьудиб,o,0,0
170,184,МОЧИТЬСЯ,<кто:эрг>,<ном>,hink:'uš:i,hink:'uš:du,hink:'uš:ib,гьинкІкІущи,гьинкІкІущду,гьинкІкІущиб,o,0,0
171,185,ИСПРАЖНЯТЬСЯ,<кто:эрг>,<ном>,č:immi,č:immu,č:immib,ччимми,ччимму,ччиммиб,di,0,0
172,187,МЕРЗНУТЬ,<кто:ном>,,eRešo,Rešdu,oRešob,егъешо,гъешду,огъешоб,o,1,0
173,187,МЕРЗНУТЬ,<кто:ном>,,zarXu,zarXudu,zarXub,зарху,зархуду,зархуб,o,0,0
174,188,ДРОЖАТЬ,<кто:ном>,,č'irč'išo,č'irč'išdu,č'irč'išob,чІирчІишо,чІирчІишду,чІирчІишоб,o,0,0
175,189,ВЗДРАГИВАТЬ,<кто:ном>,,lirdi,lirdu,lirdib,лирди,лирду,лирдиб,o,0,0
176,190,ПЛАКАТЬ,<кто:ном>,,ek'uli,ok'ulidu,ok'ulib,екІули,окІулиду,окІулиб,o,1,0
177,191,ВСХЛИПЫВАТЬ,<кто:ном>,,ɬ:imq'ešo,ɬ:imq'ešdu,ɬ:imq'ešob,лълъимкъешо,лълъимкъешду,лълъимкъешоб,o,0,0
178,192,СМЕЯТЬСЯ,<кто:ном; (над кем:лок)>,,eɬ:i,oɬ:idu,oɬ:ib,елълъи,олълъиду,олълъиб,o,1,0
179,193,УСТАВАТЬ,<кто:ном>,,aRi,aRidu,aRib,агъи,агъиду,агъиб,o,1,0
180,194,СПАТЬ,<кто:ном>,,L'iXon,L'iXinnu,L'iXom,кьихон,кьихинну,кьихом,n,0,0
181,195,УМИРАТЬ,<кто:ном>,,č'o,č'idu,č'ob,чІо,чІиду,чІоб,o,1,1
182,196,УБИВАТЬ,<кто:эрг; кого:ном>,,ǯ:abi,ǯ:abu,ǯ:abo,джджаби,джджабу,джджабо,o,0,0
183,197,ЗАРЕЗАТЬ,<кто:эрг; кого:ном>,,qu,qudu,qᵂo,хъу,хъуду,хъво,o,1,1
184,198,СЛЫШАТЬ,<кто:дат; что:ном>,<афф; ном>,anɬi,anɬidu,anɬib,анлъи,анлъиду,анлъиб,o,0,0
185,199,СЛУШАТЬ,<кто:ном; кого:лок>,,anč:i,anč:idu,anč:ib,анччи,анччиду,анччиб,o,0,0
186,200,ВИДЕТЬ,<кто:дат; кого:ном>,<афф; ном>,haGᵂo,haGidu,haGᵂob,гьакъгво,гьакъгиду,гьакъгвоб,o,0,0
187,201,СМОТРЕТЬ,<кто:ном; на кого:лок>,<ном||эрг; лок>,harč'on,harč'innu,harč'om,гьарчІон,гьарчІинну,гьарчІом,n,0,0
188,202,НЮХАТЬ,<кто:эрг; что:ном>,,šunni,šunnu,šunno,шунни,шунну,шунно,di,0,0
189,203,"ХОТЕТЬ, ЛОВИТЬ",<кто:дат; что:ном||Предл>,<афф; ном>,hilu,hiludu,hilub,гьилу,гьилуду,гьилуб,o,0,0
190,204,"БОЯТЬСЯ, ПУГАТЬСЯ",<кто:ном; чего:лок>,,sirdi,sirdu,sirdib,сирди,сирду,сирдиб,o,0,0
191,206,РАДОВАТЬСЯ,<кто:ном>,,erhan,orhinnu,orham,ергьан,оргьинну,оргьам,n,1,0
192,207,ВЕРИТЬ,<кто:ном; кому:лок>,,bužu,bužudu,bužub,бужу,бужуду,бужуб,o,0,0
193,208,ЗНАТЬ,<кто:дат; что:ном>,<афф; ном>,c'inni,c'innu,c'innib,цІинни,цІинну,цІинниб,di,0,0
194,209,ЗАБЫВАТЬ,<кто:дат; что:ном>,<афф; ном>,beč:o,beč:idu,beč:ob,беччо,беччиду,беччоб,o,0,0
195,210,ПОНИМАТЬ,<кто:дат; что:ном>,<афф; ном>,bič:'unni,bič:'unnu,bič:'unnib,бичІчІунни,бичІчІунну,бичІчІунниб,di,0,0
196,213,ХВАЛИТЬ,<кто:эрг; кого:ном>,,ec:iqi,oc:iqidu,oc:iqo,еццихъи,оццихъиду,оццихъо,o,1,0
197,214,СЧИТАТЬ,<кто:эрг; что:ном>,,agᵂa,agudu,agᵂo,агва,агуду,агво,o,1,0
198,215,ЧИТАТЬ,<кто:эрг; что:ном>,,ali,alidu,alo,али,алиду,ало,o,1,0
199,216,ПИСАТЬ,<кто:эрг; что:ном>,,qᵂardi,qᵂardu,qᵂardo,хъварди,хъварду,хъвардо,o,0,0
200,219,НАЧИНАТЬСЯ,<что:Предл>,,a=ža,a=židu,a=žab,а=жа,а=жиду,а=жаб,o,infix,0
